CountyId,Cases,ConfirmedCases,ProbableCases,isDeleted
1001,6920,5846,1074,
1003,21131,14852,6279,
1005,2308,1285,1023,
1007,2607,2095,512,
1009,6660,5137,1523,
1011,1230,1085,145,
1013,2159,1947,212,
1015,14501,10824,3677,
1017,3563,1770,1793,
1019,1848,1178,670,
1021,4290,3472,818,
1023,606,506,100,
1025,3510,2510,1000,
1027,1562,1226,336,
1029,1489,1311,178,
1031,5511,3605,1906,
1033,6298,4494,1804,
1035,1105,834,271,
1037,1072,614,458,
1039,4121,2008,2113,
1041,1522,1123,399,
1043,9664,6526,3138,
1045,4831,3202,1629,
1047,3551,2682,869,
1049,8830,7563,1267,
1051,10061,7404,2657,
1053,3933,2314,1619,
1055,13831,10975,2856,
1057,2123,1721,402,
1059,4257,3440,817,
1061,2499,1559,940,
1063,923,776,147,
1065,2229,1703,526,
1067,1887,1090,797,
1069,10567,5741,4826,
1071,6810,5665,1145,
1073,76529,68013,8516,
1075,1425,1135,290,
1077,9424,5949,3475,
1079,3002,2419,583,
1081,15884,8847,7037,
1083,9960,8390,1570,
1085,1388,1280,108,
1087,1591,1250,341,
1089,34751,29945,4806,
1091,2497,2291,206,
1093,3118,2445,673,
1095,12222,10380,1842,
1097,40971,28691,12280,
1099,1774,1066,708,
1101,24329,21866,2463,
1103,14293,11912,2381,
1105,1077,930,147,
1107,2344,1747,597,
1109,3108,1664,1444,
1111,1802,1293,509,
1113,4411,3266,1145,
1117,23431,20372,3059,
1115,9655,8102,1553,
1119,1045,950,95,
1121,8223,5749,2474,
1123,4027,2852,1175,
1125,25775,17199,8576,
1127,7235,5845,1390,
1129,1673,1166,507,
1131,1271,1018,253,
1133,2744,2284,460,
2013,364,,,
2016,695,,,
2020,30172,,,
2050,3881,,,
2068,101,,,
2070,228,,,
2090,7756,,,
2100,28,,,
2110,1374,,,
2122,4439,,,
2130,475,,,
2150,1106,,,
2158,1278,,,
2170,11459,,,
2180,358,,,
2185,1072,,,
2188,617,,,
2195,162,,,
2198,103,,,
2220,344,,,
2230,20,,,
2240,683,,,
2261,640,,,
2275,53,,,
2290,361,,,
4001,11352,,,
4003,11964,,,
4005,17841,,,
4007,6922,,,
4009,5566,,,
4011,573,,,
4012,2460,,,
4013,541555,,,
4015,22798,,,
4017,16289,,,
4019,115744,,,
4021,51815,,,
4023,7932,,,
4025,18873,,,
4027,37146,,,
5001,2101,1398,703,
5003,2013,1539,474,
5005,3178,2207,971,
5007,28992,21795,7197,
5009,3827,2861,966,
5011,1388,1014,374,
5013,411,307,104,
5015,2806,2375,431,
5017,1614,1468,146,
5019,2109,1722,387,
5021,1766,1357,409,
5023,1979,1408,571,
5025,953,597,356,
5027,2349,1368,981,
5029,2225,1752,473,
5031,13446,11636,1810,
5033,7075,5734,1341,
5035,6067,5684,383,
5037,1948,1513,435,
5039,758,666,92,
5041,1361,1101,260,
5043,2001,1569,432,
5045,12601,9614,2987,
5047,1690,1251,439,
5049,1125,808,317,
5051,10145,8540,1605,
5053,1647,1175,472,
5055,6117,4864,1253,
5057,2004,1471,533,
5059,5120,4609,511,
5061,1655,1045,610,
5063,3759,2473,1286,
5065,1681,1283,398,
5067,3223,2437,786,
5069,8885,6736,2149,
5071,2919,2417,502,
5073,546,378,168,
5075,2119,1698,421,
5077,1680,1553,127,
5079,3201,2832,369,
5081,1241,901,340,
5083,2235,1665,570,
5085,7338,4965,2373,
5087,1457,1117,340,
5089,1055,728,327,
5091,4316,2678,1638,
5093,5854,5197,657,
5095,868,681,187,
5097,755,553,202,
5099,825,660,165,
5101,726,595,131,
5103,2311,1937,374,
5105,839,669,170,
5107,1833,1697,136,
5109,1012,773,239,
5111,3166,2758,408,
5113,1990,1671,319,
5115,8056,6452,1604,
5117,895,637,258,
5119,39186,33610,5576,
5121,2118,1615,503,
5125,11934,8836,3098,
5127,938,609,329,
5129,684,391,293,
5131,15219,11776,3443,
5133,2789,1780,1009,
5135,1601,1107,494,
5123,3591,3293,298,
5137,990,730,260,
5139,4017,2957,1060,
5141,1306,832,474,
5143,30962,23397,7565,
5145,7999,5133,2866,
5147,648,449,199,
5149,3434,2974,460,
6001,87654,87654,,
6003,88,88,0,
6005,3651,3651,0,
6007,11962,11962,,
6009,2114,2114,,
6011,2221,1939,282,
6013,68582,68582,,
6015,1367,1367,,
6017,10079,10079,,
6019,101676,101676,,
6021,2899,2382,517,
6023,3939,3939,,
6025,28373,28373,,
6027,1424,1402,22,
6029,109031,109031,,
6031,22971,22971,,
6033,3470,3470,,
6035,5698,5698,,
6037,1236316,1235651,665,
6039,16442,16442,,
6041,13974,13974,,
6043,445,445,0,
6045,4061,4061,,
6047,31743,31743,,
6049,360,360,,
6051,1278,1262,16,
6053,43563,43563,,
6055,9854,9854,,
6057,4716,4716,,
6059,270744,254311,16433,
6061,22550,22550,,
6063,704,679,25,
6065,299064,299064,,
6067,104207,104207,,
6069,6048,6048,,
6071,296596,296596,,
6073,277823,277823,,
6075,36645,36645,,
6077,73009,73009,,
6079,21282,21282,,
6081,41871,41871,,
6083,34185,34185,,
6085,118901,118901,,
6087,16188,16188,,
6089,12071,12071,,
6091,54,54,,
6093,2181,2181,,
6095,32757,32757,,
6097,29975,29975,,
6099,61916,55467,6449,
6101,9413,9413,,
6103,4977,4977,,
6105,328,328,,
6107,49554,49554,,
6109,4123,4123,,
6111,80842,80842,,
6113,13894,13894,,
6115,6209,5928,281,
8001,58532,,,
8003,1514,,,
8005,60093,,,
8007,942,,,
8009,297,,,
8011,1529,,,
8013,23353,,,
8014,4766,,,
8015,1658,,,
8017,128,,,
8019,443,,,
8021,562,,,
8023,214,,,
8025,2188,,,
8027,197,,,
8029,2697,,,
8031,71613,,,
8033,82,,,
8035,29085,,,
8037,6268,,,
8039,1728,,,
8041,66144,,,
8043,6216,,,
8045,5816,,,
8047,237,,,
8049,1469,,,
8051,1332,,,
8053,18,,,
8055,409,,,
8057,58,,,
8059,46262,,,
8061,95,,,
8063,615,,,
8065,787,,,
8067,3917,,,
8069,26078,,,
8071,1127,,,
8073,1026,,,
8075,3954,,,
8077,14736,,,
8079,89,,,
8081,777,,,
8083,1912,,,
8085,3462,,,
8087,2643,,,
8089,2002,,,
8091,284,,,
8093,753,,,
8095,379,,,
8097,2585,,,
8099,1230,,,
8101,18498,,,
8103,571,,,
8105,800,,,
8107,2201,,,
8109,384,,,
8111,45,,,
8113,876,,,
8115,225,,,
8117,3701,,,
8119,1712,,,
8121,452,,,
8123,31272,,,
8125,899,,,
9001,98965,90315,8650,
9003,82610,77199,5411,
9005,14464,12814,1650,
9007,12622,11511,1111,
9009,90562,81485,9077,
9011,22153,20937,1216,
9013,9444,8607,837,
9015,10724,10295,429,
10001,17692,16149,1543,
10003,62734,59113,3621,
10005,25502,23439,2063,
11001,48180,48180,,
12001,24892,,,
12003,3500,,,
12005,20250,,,
12007,3018,,,
12009,41704,,,
12011,239941,,,
12013,1695,,,
12015,12957,,,
12017,11154,,,
12019,18711,,,
12021,36010,,,
12023,8142,,,
12027,4344,,,
12029,1612,,,
12031,98524,,,
12033,36191,,,
12035,7331,,,
12037,1328,,,
12039,5691,,,
12041,1613,,,
12043,958,,,
12045,1967,,,
12047,1628,,,
12049,3159,,,
12051,4744,,,
12053,14070,,,
12055,8594,,,
12057,138161,,,
12059,2260,,,
12061,12567,,,
12063,6228,,,
12065,1492,,,
12067,1619,,,
12069,29856,,,
12071,71110,,,
12073,32091,,,
12075,3455,,,
12077,1074,,,
12079,2069,,,
12081,38828,,,
12083,31251,,,
12085,12369,,,
12086,490498,,,
12087,6983,,,
12089,8406,,,
12091,20596,,,
12093,4024,,,
12095,138988,,,
12097,44960,,,
12099,145329,,,
12101,41638,,,
12103,79881,,,
12105,69056,,,
12107,6530,,,
12113,18255,,,
12115,32922,,,
12117,34274,,,
12109,22718,,,
12111,26578,,,
12119,9352,,,
12121,5337,,,
12123,2735,,,
12125,1828,,,
12127,43499,,,
12129,3462,,,
12131,7808,,,
12133,2734,,,
13001,2320,1924,396,
13003,1033,788,245,
13005,1651,1288,363,
13007,231,162,69,
13009,4526,3847,679,
13011,1844,1642,202,
13013,9977,8785,1192,
13015,14765,11250,3515,
13017,2104,1491,613,
13019,1844,1061,783,
13021,15893,13366,2527,
13023,1476,801,675,
13025,1620,934,686,
13027,1393,946,447,
13029,3639,2739,900,
13031,6824,5274,1550,
13033,2578,1786,792,
13035,3135,2341,794,
13037,587,450,137,
13039,3956,3220,736,
13043,955,753,202,
13045,11389,7427,3962,
13047,6466,5730,736,
13049,1447,1141,306,
13051,23213,20252,2961,
13053,4006,3390,616,
13055,2858,2253,605,
13057,31222,22455,8767,
13059,15050,12804,2246,
13061,238,184,54,
13063,26675,23919,2756,
13065,985,738,247,
13067,78824,60960,17864,
13069,5324,4237,1087,
13071,4706,3536,1170,
13073,16892,11092,5800,
13075,1825,1162,663,
13077,14103,8712,5391,
13079,663,526,137,
13081,2089,1446,643,
13083,1443,1217,226,
13085,3094,2731,363,
13087,2946,2148,798,
13089,66269,58045,8224,
13091,2139,1085,1054,
13093,1077,791,286,
13095,7576,5574,2002,
13097,15227,12037,3190,
13099,1178,1016,162,
13101,476,359,117,
13103,4617,3818,799,
13105,2295,1529,766,
13107,2552,1740,812,
13109,960,760,200,
13111,2394,2131,263,
13113,8964,6708,2256,
13115,12018,10012,2006,
13117,22863,17991,4872,
13119,2686,2349,337,
13121,97433,82501,14932,
13123,2985,2497,488,
13125,266,145,121,
13127,8169,6727,1442,
13129,8210,6505,1705,
13131,2171,1561,610,
13133,1833,1507,326,
13135,101529,86762,14767,
13137,5177,4658,519,
13139,27423,25105,2318,
13141,915,834,81,
13143,2649,1719,930,
13145,2554,2175,379,
13147,2372,1709,663,
13149,876,647,229,
13151,25292,19313,5979,
13153,14656,10122,4534,
13155,921,684,237,
13157,9848,8535,1313,
13159,1408,683,725,
13161,1898,1299,599,
13163,1951,1583,368,
13165,853,728,125,
13167,1122,788,334,
13169,2016,1584,432,
13171,2046,1354,692,
13173,783,503,280,
13175,5597,3718,1879,
13177,2745,1601,1144,
13179,4016,3467,549,
13181,815,515,300,
13183,860,675,185,
13185,12699,7824,4875,
13187,2986,2803,183,
13193,874,619,255,
13195,3249,2754,495,
13197,564,402,162,
13189,2498,1695,803,
13191,865,699,166,
13199,2013,1530,483,
13201,858,683,175,
13205,2087,1542,545,
13207,2652,1878,774,
13209,891,725,166,
13211,2249,1199,1050,
13213,4957,4187,770,
13215,16399,14419,1980,
13217,11120,7554,3566,
13219,4025,3063,962,
13221,1482,1195,287,
13223,16889,10828,6061,
13225,2649,1865,784,
13227,3454,2545,909,
13229,2479,1271,1208,
13231,2281,1071,1210,
13233,5694,3954,1740,
13235,935,610,325,
13237,2201,1805,396,
13239,168,82,86,
13241,1744,1547,197,
13243,628,470,158,
13245,24669,20080,4589,
13247,7660,6072,1588,
13249,352,212,140,
13251,990,816,174,
13253,956,752,204,
13255,6292,4098,2194,
13257,3131,2989,142,
13259,893,791,102,
13261,2558,1811,747,
13263,478,386,92,
13265,122,101,21,
13267,2318,1852,466,
13269,806,512,294,
13271,1310,721,589,
13273,809,572,237,
13275,4457,3587,870,
13277,4914,3444,1470,
13279,3413,2945,468,
13281,1234,1108,126,
13283,843,625,218,
13285,7532,5979,1553,
13287,1029,604,425,
13289,723,515,208,
13291,2239,2059,180,
13293,3476,1819,1657,
13295,7587,6567,1020,
13297,10753,8105,2648,
13299,4888,3030,1858,
13301,534,381,153,
13303,2140,1635,505,
13305,3598,2757,841,
13307,145,106,39,
13309,628,459,169,
13311,3208,2984,224,
13313,16900,14870,2030,
13315,831,476,355,
13317,1081,669,412,
13319,928,731,197,
13321,1790,1196,594,
15001,2795,,,
15003,26079,,,
15005,1,,,
15007,299,,,
15009,4439,,,
16001,51917,43141,8776,
16003,339,257,82,
16005,8746,5171,3575,
16007,386,284,102,
16009,682,555,127,
16011,4834,2828,2006,
16013,2369,2133,236,
16015,356,250,106,
16017,3233,2632,601,
16019,14861,10713,4148,
16021,868,457,411,
16023,210,171,39,
16025,71,54,17,
16027,26649,22334,4315,
16029,692,356,336,
16031,2938,2485,453,
16033,59,48,11,
16035,1050,776,274,
16037,247,191,56,
16039,1996,1553,443,
16041,1195,935,260,
16043,1129,984,145,
16045,1763,1391,372,
16047,1303,931,372,
16049,1237,908,329,
16051,2993,2169,824,
16053,2595,2009,586,
16055,17962,15875,2087,
16057,3128,2964,164,
16059,524,411,113,
16061,395,290,105,
16063,504,384,120,
16065,7178,6255,923,
16067,2338,1933,405,
16069,3613,3284,329,
16071,360,244,116,
16073,1062,924,138,
16075,2550,2012,538,
16077,662,469,193,
16079,1108,1043,65,
16081,1215,673,542,
16083,9490,7295,2195,
16085,837,657,180,
16087,1213,871,342,
17001,8407,,,
17003,467,,,
17005,2037,,,
17007,6664,,,
17009,703,,,
17011,3696,,,
17013,516,,,
17015,1745,,,
17017,1984,,,
17019,20530,,,
17021,3644,,,
17023,1785,,,
17025,1480,,,
17027,5751,,,
17029,5665,,,
17031,542450,,,
17033,2114,,,
17035,1291,,,
17037,10014,10014,,
17039,1498,,,
17041,2583,,,
17043,90032,,,
17045,1685,,,
17047,568,,,
17049,4721,,,
17051,3169,,,
17053,1774,,,
17055,4437,,,
17057,3895,,,
17059,458,,,
17061,1432,,,
17063,5852,,,
17065,831,,,
17067,1752,,,
17069,384,,,
17071,525,,,
17073,4929,,,
17075,2993,,,
17077,5003,,,
17079,1150,,,
17081,4270,,,
17083,2688,,,
17085,1805,,,
17087,1427,,,
17089,58044,,,
17091,14074,,,
17093,13411,13411,,
17095,5525,,,
17097,66830,,,
17099,12459,,,
17101,2404,,,
17103,4141,,,
17105,4801,,,
17107,3850,,,
17115,10698,,,
17117,4675,,,
17119,30392,,,
17121,4459,,,
17123,1058,,,
17125,1497,,,
17127,1334,,,
17109,2819,,,
17111,28413,,,
17113,18041,,,
17129,1229,,,
17131,1456,,,
17133,4355,,,
17135,3708,,,
17137,3953,3953,0,
17139,1604,,,
17141,6076,,,
17143,22994,22994,,
17145,3158,,,
17147,1479,,,
17149,1786,,,
17151,317,,,
17153,683,,,
17155,481,,,
17157,4126,,,
17159,1741,,,
17161,14861,,,
17165,2561,,,
17167,18625,,,
17169,743,,,
17171,478,,,
17173,2290,,,
17175,634,,,
17163,30702,30702,0,
17177,4733,,,
17179,16843,16754,89,
17181,2252,,,
17183,9545,,,
17185,1346,,,
17187,1792,,,
17189,1638,,,
17191,1768,,,
17193,1693,,,
17195,7203,7203,,
17197,75056,,,
17199,7397,,,
17201,32927,,,
17203,4754,4754,,
18001,3477,3412,65,
18003,40640,40585,55,
18005,8082,8061,21,
18007,986,986,0,
18009,1359,1347,12,
18011,6709,6690,19,
18013,1020,1020,0,
18015,1887,1885,2,
18017,5808,5803,5,
18019,12971,12951,20,
18021,2597,2597,0,
18023,4276,4271,5,
18025,998,997,1,
18027,2969,2967,2,
18029,5813,5804,9,
18031,2904,2848,56,
18033,4282,4278,4,
18035,10691,10676,15,
18037,6154,6153,1,
18039,28614,28514,100,
18041,2941,2804,137,
18043,7667,7657,10,
18045,2124,2122,2,
18047,1698,1680,18,
18049,1955,1954,1,
18051,4355,4350,5,
18053,7454,7041,413,
18055,2794,2785,9,
18057,35615,35569,46,
18059,8299,8275,24,
18061,4357,4354,3,
18063,17273,17209,64,
18065,5727,5713,14,
18067,9918,9908,10,
18069,3911,3906,5,
18071,5020,5016,4,
18073,3653,3649,4,
18075,1958,1947,11,
18077,3307,3306,1,
18079,2303,2299,4,
18081,17999,17933,66,
18083,3721,3719,2,
18085,9422,9401,21,
18087,2666,2661,5,
18089,53719,53638,81,
18091,11901,11890,11,
18093,4534,4531,3,
18095,12679,12649,30,
18097,100035,99833,202,
18099,6042,6039,3,
18101,887,886,1,
18103,3821,3815,6,
18105,11886,11883,3,
18107,4241,4238,3,
18109,6580,6563,17,
18111,1079,1077,2,
18113,5607,5603,4,
18115,568,568,0,
18117,1833,1829,4,
18119,1995,1992,3,
18121,1476,1462,14,
18123,1838,1828,10,
18125,1338,1338,0,
18127,18745,18725,20,
18129,2714,2714,0,
18131,1168,1167,1,
18133,3608,3599,9,
18135,2443,2402,41,
18137,3397,3395,2,
18139,1800,1731,69,
18143,2663,2656,7,
18145,5884,4907,977,
18147,2323,2321,2,
18149,2166,2163,3,
18151,3876,3870,6,
18141,35686,35651,35,
18153,2119,2115,4,
18155,790,789,1,
18157,22391,22386,5,
18159,1632,1628,4,
18161,738,710,28,
18163,22309,22300,9,
18165,1693,1692,1,
18167,12452,12440,12,
18169,3541,3536,5,
18171,822,820,2,
18173,7781,7778,3,
18175,2406,2406,0,
18177,7425,7042,383,
18179,2940,2914,26,
18181,3139,3138,1,
18183,3956,3956,0,
19001,863,672,191,
19003,338,308,30,
19005,1509,1339,170,
19007,1279,1040,239,
19009,506,430,76,
19011,2555,2258,297,
19013,15775,14916,859,
19015,2633,1866,767,
19017,2833,2186,647,
19019,1905,1735,170,
19021,4241,3860,381,
19023,1646,1187,459,
19025,1373,768,605,
19027,2852,2132,720,
19029,1378,1158,220,
19031,1891,1757,134,
19033,5377,2710,2667,
19035,1585,1036,549,
19037,1239,727,512,
19039,998,678,320,
19041,2151,1513,638,
19043,1694,1486,208,
19045,5527,5168,359,
19047,2660,1966,694,
19049,11146,8406,2740,
19051,825,533,292,
19053,606,283,323,
19055,2087,1682,405,
19057,4533,4392,141,
19059,2478,2171,307,
19061,13348,12519,829,
19063,1340,1147,193,
19065,1847,1663,184,
19067,1601,1101,500,
19069,1181,592,589,
19071,622,453,169,
19073,776,485,291,
19075,1362,1165,197,
19077,1208,724,484,
19079,1792,1014,778,
19081,1470,909,561,
19083,1849,1304,545,
19085,1794,1439,355,
19087,2909,2093,816,
19089,1044,778,266,
19091,1188,477,711,
19093,903,675,228,
19095,1482,1333,149,
19097,2211,1804,407,
19099,4178,3588,590,
19101,1323,1145,178,
19103,14440,13869,571,
19105,2973,2741,232,
19107,956,678,278,
19109,2152,1243,909,
19111,3741,3328,413,
19113,20777,17552,3225,
19115,1279,1075,204,
19117,771,533,238,
19119,1575,1073,502,
19121,1614,1295,319,
19123,2296,1506,790,
19125,3610,2474,1136,
19127,4820,3961,859,
19129,1617,1334,283,
19131,1258,1016,242,
19133,828,676,152,
19135,951,830,121,
19137,1032,820,212,
19139,4761,4330,431,
19141,1994,1518,476,
19143,782,676,106,
19145,1926,1429,497,
19147,1124,635,489,
19149,4005,3670,335,
19151,854,455,399,
19153,57405,47535,9870,
19155,11081,9486,1595,
19157,1547,1358,189,
19159,555,400,155,
19161,1301,887,414,
19163,19904,18179,1725,
19165,1306,885,421,
19167,5134,4645,489,
19169,10582,9367,1215,
19171,2091,1718,373,
19173,657,553,104,
19175,1281,1100,181,
19177,557,268,289,
19179,4288,3445,843,
19181,5750,4642,1108,
19183,2533,1657,876,
19185,536,323,213,
19187,5113,2048,3065,
19189,1416,862,554,
19191,1968,1818,150,
19193,15104,14304,800,
19195,742,430,312,
19197,1842,1409,433,
20001,1240,,,
20003,836,,,
20005,1633,,,
20007,374,,,
20009,2612,,,
20011,1412,,,
20013,1239,,,
20015,7526,,,
20017,267,,,
20019,267,,,
20021,2474,,,
20023,362,,,
20025,252,,,
20027,826,826,,
20029,984,,,
20031,730,,,
20033,170,,,
20035,3961,,,
20037,4731,4724,7,
20039,267,,,
20041,1757,,,
20043,970,,,
20045,9236,9236,,
20047,264,,,
20049,179,,,
20051,3739,,,
20053,1223,,,
20055,6056,6056,,
20057,5750,,,
20059,2551,,,
20061,3389,,,
20063,386,,,
20065,265,,,
20067,976,976,,
20069,611,611,,
20071,104,,,
20073,589,589,,
20075,202,,,
20077,626,626,,
20079,3632,,,
20081,419,,,
20083,211,,,
20085,1402,,,
20087,1719,,,
20089,211,,,
20091,58253,,,
20093,568,,,
20095,756,,,
20097,271,271,,
20099,2738,,,
20101,143,143,,
20103,7224,,,
20105,263,,,
20107,817,,,
20109,289,,,
20111,4276,,,
20115,1104,,,
20117,1089,,,
20113,3316,3316,0,
20119,513,,,
20121,2749,,,
20123,561,,,
20125,3456,,,
20127,613,613,,
20129,257,,,
20131,1514,1514,,
20133,1803,,,
20135,371,,,
20137,1221,1221,,
20139,1241,,,
20141,290,,,
20143,551,,,
20145,1166,,,
20147,713,,,
20149,1898,,,
20151,816,816,,
20153,360,360,,
20155,8511,,,
20157,680,,,
20159,1076,,,
20161,6463,6463,0,
20163,660,660,,
20165,431,,,
20167,858,858,,
20169,6245,,,
20171,621,,,
20173,56475,,,
20175,3968,3968,,
20177,17448,,,
20179,432,,,
20181,635,,,
20183,270,,,
20185,352,352,,
20187,184,,,
20189,586,586,,
20191,2166,,,
20193,1135,1135,,
20195,407,407,,
20197,680,,,
20199,179,,,
20201,533,,,
20203,216,,,
20205,1007,,,
20207,217,,,
20209,20372,18552,1820,
21001,1864,1854,10,
21003,2077,,,
21005,1735,,,
21007,396,,,
21009,4452,,,
21011,984,,,
21013,3095,,,
21015,14248,,,
21017,1691,,,
21019,4960,,,
21021,3417,,,
21023,632,,,
21025,1016,,,
21027,1275,,,
21029,7237,,,
21031,1457,,,
21033,1449,,,
21035,3517,,,
21037,8747,,,
21039,473,,,
21041,1007,,,
21043,2275,,,
21045,1441,1441,,
21047,7001,,,
21049,2889,,,
21051,2664,,,
21053,1449,1449,,
21055,665,,,
21057,698,681,17,
21059,10732,,,
21061,911,,,
21063,959,,,
21065,1096,,,
21067,35651,34817,834,
21069,1191,,,
21071,3412,,,
21073,4040,,,
21075,514,,,
21077,696,,,
21079,1523,,,
21081,2436,,,
21083,4184,,,
21085,2143,,,
21087,1214,1212,2,
21089,3593,,,
21091,882,,,
21093,9684,,,
21095,2821,,,
21097,1694,,,
21099,1972,,,
21101,4778,,,
21103,1358,,,
21105,384,,,
21107,4470,,,
21109,1311,,,
21111,81630,81630,,
21113,4634,,,
21115,1935,,,
21117,16869,,,
21119,1141,,,
21121,3351,,,
21123,1324,,,
21125,6678,,,
21127,1442,,,
21129,1277,,,
21131,911,,,
21133,1914,,,
21135,1317,,,
21137,2304,,,
21139,848,,,
21141,2845,,,
21143,1531,,,
21151,9326,,,
21153,953,,,
21155,2318,,,
21157,2787,,,
21159,1028,,,
21161,1684,,,
21145,6583,,,
21147,1997,1976,21,
21149,881,,,
21163,2027,,,
21165,478,,,
21167,2549,,,
21169,1039,,,
21171,1331,,,
21173,2711,,,
21175,2255,,,
21177,2936,,,
21179,4909,,,
21181,549,,,
21183,2459,,,
21185,7604,,,
21187,675,,,
21189,493,,,
21191,1026,,,
21193,2648,,,
21195,5554,,,
21197,1293,,,
21199,6364,6364,,
21201,228,,,
21203,1518,,,
21205,2231,,,
21207,1870,1870,,
21209,4953,,,
21211,4716,,,
21213,2110,,,
21215,1604,,,
21217,3106,3064,42,
21219,1132,,,
21221,1300,,,
21223,690,,,
21225,1352,,,
21227,15924,,,
21229,1436,,,
21231,2199,2199,,
21233,1252,,,
21235,4915,,,
21237,525,,,
21239,2130,,,
22001,6511,6026,485,
22003,3180,2818,362,
22005,12172,9684,2488,
22007,2196,1583,613,
22009,4208,3672,536,
22011,3190,2313,877,
22013,1664,1457,207,
22015,13847,11731,2116,
22017,26022,24620,1402,
22019,22484,15970,6514,
22021,1109,770,339,
22023,597,497,100,
22025,1155,902,253,
22027,1437,1288,149,
22029,1862,1596,266,
22031,2780,2402,378,
22033,39453,32511,6942,
22035,1125,885,240,
22037,3165,2391,774,
22039,3600,3108,492,
22041,2484,2387,97,
22043,2152,1568,584,
22045,7074,6423,651,
22047,3820,3238,582,
22049,1945,1511,434,
22051,46124,43307,2817,
22053,3162,2592,570,
22055,23460,20792,2668,
22057,9594,7276,2318,
22059,1545,986,559,
22061,4506,3378,1128,
22063,13401,9928,3473,
22065,1563,1518,45,
22067,2831,2440,391,
22069,4050,3066,984,
22071,30025,28465,1560,
22073,18424,16672,1752,
22075,2523,1848,675,
22077,2645,1998,647,
22079,12086,9232,2854,
22081,867,775,92,
22083,2427,2003,424,
22085,2935,2417,518,
22087,4022,3318,704,
22089,5405,4641,764,
22091,921,684,237,
22093,1964,1685,279,
22095,3721,3459,262,
22097,8896,8013,883,
22099,5274,4788,486,
22101,4718,3658,1060,
22103,25677,21241,4436,
22105,12703,9526,3177,
22107,362,320,42,
22109,10231,8057,2174,
22111,2394,2060,334,
22113,5385,5052,333,
22115,3082,2350,732,
22117,4367,3285,1082,
22119,4114,3488,626,
22121,2860,2300,560,
22123,1175,1099,76,
22125,1154,1135,19,
22127,1538,1153,385,
23001,7712,5458,2254,
23003,1725,1294,431,
23005,16576,12572,4004,
23007,1267,979,288,
23009,1259,921,338,
23011,5975,3786,2189,
23013,1056,932,124,
23015,962,795,167,
23017,3385,2436,949,
23019,5613,3961,1652,
23021,481,279,202,
23023,1342,1032,310,
23025,2013,1430,583,
23027,896,716,180,
23029,846,484,362,
23031,12875,10277,2598,
24001,6896,6895,1,
24003,43132,43118,14,
24005,64568,64532,36,
24510,51942,51919,23,
24009,4180,4179,1,
24011,2284,2284,0,
24013,9284,9279,5,
24015,6167,6165,2,
24017,10663,10661,2,
24019,2751,2750,1,
24021,19578,19569,9,
24023,2001,2000,1,
24025,16288,16283,5,
24027,19032,19026,6,
24029,1332,1330,2,
24031,70279,70233,46,
24033,83904,83872,32,
24035,2960,2959,1,
24039,2554,2554,0,
24037,5919,5919,0,
24041,2109,2109,0,
24043,14362,14359,3,
24045,7529,7529,0,
24047,3602,3601,1,
25001,13703,13703,,
25003,6431,6431,,
25005,65637,65637,,
25007,1300,1300,,
25009,96389,96389,,
25011,2521,2521,,
25013,51372,51372,,
25015,9048,9048,,
25017,133571,133571,,
25019,1508,1508,,
25021,54266,54266,,
25023,48432,48432,,
25025,91727,91727,,
25027,76166,76166,,
26001,721,590,131,
26003,658,470,188,
26005,10640,9559,1081,
26007,2157,1745,412,
26009,1896,1573,323,
26011,1141,1034,107,
26013,908,790,118,
26015,5683,5137,546,
26017,10861,10215,646,
26019,1252,1039,213,
26021,15058,13532,1526,
26023,5516,5080,436,
26025,13830,11791,2039,
26027,5295,4665,630,
26029,1950,1600,350,
26031,1873,1559,314,
26033,5538,4170,1368,
26035,2376,1973,403,
26037,7392,5874,1518,
26039,961,892,69,
26041,3931,3273,658,
26043,2696,2370,326,
26045,9834,8635,1199,
26047,2733,2296,437,
26049,40639,32717,7922,
26051,2229,1856,373,
26053,1374,1014,360,
26055,6280,6134,146,
26057,6785,5998,787,
26059,4245,3861,384,
26061,3077,2475,602,
26063,4016,3000,1016,
26065,24100,22107,1993,
26067,8967,8880,87,
26069,1904,1715,189,
26071,1024,958,66,
26073,6048,5175,873,
26075,20386,19372,1014,
26077,22190,19408,2782,
26079,1074,1000,74,
26081,70018,65690,4328,
26083,173,142,31,
26085,602,559,43,
26087,9438,8096,1342,
26089,1213,1002,211,
26091,10546,9879,667,
26093,16245,14369,1876,
26095,1252,1044,208,
26097,640,411,229,
26099,97507,89764,7743,
26101,1936,1854,82,
26103,5836,5040,796,
26105,2072,1949,123,
26107,3074,2905,169,
26109,2078,1759,319,
26111,7237,6539,698,
26113,1453,1216,237,
26115,14912,12459,2453,
26117,7760,7217,543,
26119,569,483,86,
26121,17272,16752,520,
26123,4616,4309,307,
26125,114310,98818,15492,
26127,2679,2549,130,
26129,1619,1361,258,
26131,456,399,57,
26133,1853,1603,250,
26135,622,520,102,
26137,2674,2275,399,
26139,31549,29255,2294,
26141,1004,853,151,
26143,1840,1567,273,
26145,21548,20292,1256,
26151,4166,3661,505,
26153,386,320,66,
26155,6153,5500,653,
26147,17696,14957,2739,
26149,5994,5279,715,
26157,5519,4770,749,
26159,6871,6423,448,
26161,26437,24030,2407,
26163,159224,147371,11853,
26165,2795,2473,322,
27001,1339,1293,46,
27003,41276,36496,4780,
27005,3779,3490,289,
27007,3910,3363,547,
27009,5636,5251,385,
27011,598,564,34,
27013,7444,7292,152,
27015,3040,2974,66,
27017,3435,2789,646,
27019,10416,9236,1180,
27021,2690,2524,166,
27023,1516,1460,56,
27025,5890,5429,461,
27027,8117,7580,537,
27029,861,722,139,
27031,159,158,1,
27033,1642,1451,191,
27035,6586,6218,368,
27037,45493,41404,4089,
27039,1831,1799,32,
27041,4636,4257,379,
27043,1511,1486,25,
27045,1553,1532,21,
27047,3407,3359,48,
27049,4749,4623,126,
27051,567,550,17,
27053,121777,113750,8027,
27055,1713,1646,67,
27057,1863,1713,150,
27059,4153,3743,410,
27061,4280,4175,105,
27063,1218,977,241,
27065,1432,1381,51,
27067,6506,6408,98,
27069,484,434,50,
27071,817,776,41,
27073,750,678,72,
27075,808,675,133,
27077,321,302,19,
27079,2882,2778,104,
27081,577,559,18,
27083,3592,3416,176,
27087,545,527,18,
27089,878,818,60,
27091,2297,2212,85,
27085,4202,4113,89,
27093,2537,2492,45,
27095,3003,2853,150,
27097,4162,3933,229,
27099,4637,4512,125,
27101,1060,875,185,
27103,3227,3123,104,
27105,4071,3883,188,
27107,539,501,38,
27109,13164,13054,110,
27111,5717,5315,402,
27113,1536,1203,333,
27115,3262,3013,249,
27117,1147,1089,58,
27119,3822,3481,341,
27121,1091,1050,41,
27123,50848,48007,2841,
27125,395,323,72,
27127,1726,1655,71,
27129,1786,1720,66,
27131,7991,7765,226,
27133,1278,1121,157,
27135,2075,1944,131,
27139,17137,15337,1800,
27141,11571,10443,1128,
27143,1423,1339,84,
27145,22077,21023,1054,
27147,3839,3745,94,
27149,902,866,36,
27137,17637,16345,1292,
27151,1048,1020,28,
27153,2804,2747,57,
27155,368,263,105,
27157,2047,2031,16,
27159,1545,1469,76,
27161,2362,2318,44,
27163,26615,24876,1739,
27165,1318,1300,18,
27167,804,704,100,
27169,4518,4453,65,
27171,15873,13932,1941,
27173,1138,1009,129,
28001,2695,,,
28003,3119,,,
28005,1228,,,
28007,2141,,,
28009,991,,,
28011,4797,,,
28013,1701,,,
28015,1217,,,
28017,2071,,,
28019,761,,,
28021,1022,,,
28023,1778,,,
28025,1847,,,
28027,2943,,,
28029,2964,,,
28031,2563,,,
28033,21496,,,
28035,7649,,,
28037,836,,,
28039,2468,,,
28041,1303,,,
28043,2603,,,
28045,3777,,,
28047,17814,,,
28049,20294,,,
28051,1886,,,
28053,961,,,
28055,168,,,
28057,2994,,,
28059,13411,,,
28061,2208,,,
28063,654,,,
28065,1069,,,
28067,8364,,,
28069,954,,,
28071,6171,,,
28073,6216,,,
28075,7181,,,
28077,1283,,,
28079,2662,,,
28081,9962,,,
28083,3487,,,
28085,3950,,,
28087,6370,,,
28089,10066,,,
28091,2688,,,
28093,4397,,,
28095,4100,,,
28097,1267,,,
28099,4026,,,
28101,2460,,,
28103,1267,,,
28105,4614,,,
28107,4561,,,
28109,4499,,,
28111,1259,,,
28113,3301,,,
28115,4195,,,
28117,2795,,,
28119,802,,,
28121,13573,,,
28123,3153,,,
28125,503,,,
28127,2947,,,
28129,1622,,,
28131,1820,,,
28133,3357,,,
28135,1781,,,
28137,3324,,,
28139,2877,,,
28141,2259,,,
28143,1048,,,
28145,4090,,,
28147,1338,,,
28149,4380,,,
28151,5323,,,
28153,2623,,,
28155,1145,,,
28157,669,,,
28159,2268,,,
28161,1633,,,
28163,3107,,,
29001,2465,2465,,
29003,1861,1323,538,
29005,456,304,152,
29007,2705,2117,588,
29009,2888,2244,644,
29011,1175,1009,166,
29013,1323,1146,177,
29015,1668,1534,134,
29017,1115,1078,37,
29019,18350,18350,,
29021,10466,7330,3136,
29023,4183,3726,457,
29025,775,668,107,
29027,4965,4698,267,
29029,4092,3868,224,
29031,9483,7732,1751,
29033,1034,866,168,
29035,542,450,92,
29037,9149,7686,1463,
29039,1099,728,371,
29041,674,437,237,
29043,8958,7223,1735,
29045,670,485,185,
29047,10257,8307,1950,
29049,1959,1566,393,
29051,9090,8830,260,
29053,1911,1739,172,
29055,2586,2276,310,
29057,728,728,,
29059,1264,847,417,
29061,702,598,104,
29063,1126,938,188,
29065,961,876,85,
29067,916,798,118,
29069,2828,2507,321,
29071,10620,8920,1700,
29073,1536,942,594,
29075,822,740,82,
29077,29142,29142,,
29079,989,840,149,
29081,875,827,48,
29083,2013,1805,208,
29085,644,473,171,
29087,445,387,58,
29089,1049,738,311,
29091,3488,2914,574,
29093,897,483,414,
29095,38045,31882,6163,
29097,9428,7680,1748,
29099,23272,20515,2757,
29101,4765,3987,778,
29103,375,190,185,
29105,3294,3004,290,
29107,3050,2674,376,
29109,3400,2842,558,
29111,1021,664,357,
29113,5892,4622,1270,
29115,1191,562,629,
29117,1661,1359,302,
29121,1545,1275,270,
29123,1648,1416,232,
29125,635,578,57,
29127,3618,2740,878,
29119,2627,2627,,
29129,299,185,114,
29131,2537,2378,159,
29133,1445,1348,97,
29135,1786,1719,67,
29137,997,610,387,
29139,1036,606,430,
29141,1710,1655,55,
29143,2111,1826,285,
29145,5291,4254,1037,
29147,2692,2311,381,
29149,796,683,113,
29151,1627,1469,158,
29153,648,560,88,
29155,1585,1461,124,
29157,2227,2163,64,
29159,5128,4939,189,
29161,3847,3272,575,
29163,1792,1524,268,
29165,4157,3301,856,
29167,3325,3325,,
29169,3478,3064,414,
29171,302,232,70,
29173,1059,774,285,
29175,2634,1877,757,
29177,1942,1597,345,
29179,477,477,,
29181,1065,904,161,
29195,2828,2468,360,
29197,338,301,37,
29199,305,267,38,
29201,4702,3950,752,
29203,582,496,86,
29205,592,366,226,
29183,47085,37311,9774,
29185,787,635,152,
29186,1817,1690,127,
29187,8794,7855,939,
29189,98598,98598,,
29510,24400,21959,2441,
29207,2483,2370,113,
29209,2424,2134,290,
29211,844,762,82,
29213,5285,4780,505,
29215,1832,1568,264,
29217,1944,1504,440,
29219,3131,2904,227,
29221,2735,2195,540,
29223,1035,853,182,
29225,3593,3114,479,
29227,162,144,18,
29229,1581,1410,171,
30001,908,908,,
30003,2567,2567,,
30005,760,760,,
30007,491,491,,
30009,867,867,,
30011,146,146,,
30013,9006,9006,,
30015,504,504,,
30017,1191,1191,,
30019,197,197,,
30021,1102,1102,,
30023,1114,1114,,
30025,281,281,,
30027,1112,1112,,
30029,11892,11892,,
30031,14729,14729,,
30033,80,80,,
30035,1533,1533,,
30037,56,56,,
30039,192,192,,
30041,1977,1977,,
30043,1077,1077,,
30045,91,91,,
30047,2050,2050,,
30049,6842,6842,,
30051,117,117,,
30053,1620,1620,,
30057,786,786,,
30055,184,184,,
30059,154,154,,
30061,253,253,,
30063,9063,9063,,
30065,341,341,,
30067,1359,1359,,
30069,12,12,,
30071,524,524,,
30073,481,481,,
30075,124,124,,
30077,921,921,,
30079,141,141,,
30081,3065,3065,,
30083,1232,1232,,
30085,1631,1631,,
30087,1219,1219,,
30089,643,643,,
30091,423,423,,
30093,4087,4087,,
30095,728,728,,
30097,398,398,,
30099,475,475,,
30101,720,720,,
30103,55,55,,
30105,895,895,,
30107,178,178,,
30109,121,121,,
30111,17306,17306,,
31001,2930,,,
31003,525,,,
31005,22,,,
31007,36,,,
31009,21,,,
31011,584,,,
31013,934,,,
31015,176,,,
31017,219,,,
31019,5497,,,
31021,668,,,
31023,854,,,
31025,2658,,,
31027,771,,,
31029,462,,,
31031,300,,,
31033,933,,,
31035,698,,,
31037,1592,,,
31039,1045,,,
31041,850,,,
31043,4108,4108,,
31045,744,,,
31047,2883,,,
31049,102,,,
31051,608,,,
31053,4945,,,
31055,71236,,,
31057,184,,,
31059,504,,,
31061,241,,,
31063,193,,,
31065,508,,,
31067,2185,,,
31069,113,,,
31071,151,,,
31073,182,,,
31075,39,,,
31077,214,,,
31079,7800,7800,,
31081,956,956,,
31083,219,,,
31085,60,,,
31087,254,,,
31089,860,,,
31091,54,,,
31093,552,,,
31095,665,,,
31097,641,,,
31099,690,,,
31101,720,,,
31103,53,,,
31105,413,,,
31107,885,,,
31109,31284,31178,106,
31111,3811,,,
31113,82,,,
31115,42,,,
31119,4229,,,
31117,29,,,
31121,777,777,,
31123,510,,,
31125,413,,,
31127,683,,,
31129,430,,,
31131,1458,,,
31133,233,,,
31135,293,,,
31137,999,,,
31139,634,,,
31141,4135,,,
31143,585,,,
31145,1211,,,
31147,727,,,
31149,102,,,
31151,2037,,,
31153,22685,,,
31155,2524,,,
31157,4644,,,
31159,1992,,,
31161,517,,,
31163,200,,,
31165,39,,,
31167,362,,,
31169,496,,,
31171,53,,,
31173,839,,,
31175,327,,,
31177,2191,,,
31179,1077,,,
31181,381,,,
31183,39,,,
31185,1749,,,
32510,6459,6459,,
32001,2044,2044,,
32003,246106,246106,,
32005,2831,2831,,
32007,4850,4850,,
32009,38,38,,
32011,53,53,,
32013,1173,1173,,
32015,451,451,,
32017,361,361,,
32019,3176,3176,,
32021,308,308,,
32023,2929,2929,,
32027,954,954,,
32029,107,107,,
32031,45529,45529,,
32033,611,611,,
33001,3992,,,
33003,2385,,,
33005,3651,,,
33007,1934,,,
33009,3877,,,
33011,35330,,,
33013,9378,,,
33015,23718,,,
33017,9627,,,
33019,1722,,,
34001,31266,24689,6577,
34003,103314,88903,14411,
34005,44099,37834,6265,
34007,54646,48204,6442,
34009,9064,4556,4508,
34011,16816,14607,2209,
34013,93474,84115,9359,
34015,30112,26208,3904,
34017,87598,78437,9161,
34019,9644,8755,889,
34021,33569,31234,2335,
34023,91417,84094,7323,
34025,74857,66836,8021,
34027,49653,41556,8097,
34029,75208,65143,10065,
34031,72171,64906,7265,
34033,5984,5454,530,
34035,29754,24056,5698,
34037,13786,11536,2250,
34039,70832,59910,10922,
34041,9799,8798,1001,
35001,57427,57427,,
35003,92,92,,
35005,9169,9169,,
35006,3514,3514,,
35007,908,908,,
35009,5154,5154,,
35011,148,148,,
35013,24936,24936,,
35015,6832,6832,,
35017,1706,1706,,
35019,640,640,,
35021,10,10,,
35023,361,361,,
35025,9038,9038,,
35027,1683,1683,,
35028,524,524,,
35029,3324,3324,,
35031,12259,12259,,
35033,170,170,,
35035,4971,4971,,
35037,485,485,,
35039,3604,3604,,
35041,1945,1945,,
35043,11926,11926,,
35045,14805,14805,,
35047,1351,1351,,
35049,10419,10419,,
35051,757,757,,
35053,1312,1312,,
35055,1662,1662,,
35057,792,792,,
35059,415,415,,
35061,6994,6994,,
36001,24321,24321,,
36003,3372,3372,,
36007,18217,18217,,
36009,5509,5509,,
36011,6138,6138,,
36013,8736,8736,,
36015,7467,7467,,
36017,3366,3366,,
36019,4762,4762,,
36021,3968,3968,,
36023,3702,3702,,
36025,2297,2297,,
36027,29009,29009,,
36029,87702,87702,,
36031,1575,1575,,
36033,2508,2508,,
36035,4305,4305,,
36037,5310,5310,,
36039,3321,3321,,
36041,305,305,,
36043,5069,5069,,
36045,5821,5821,,
36049,2634,2634,,
36051,4284,4284,,
36053,4426,4426,,
36055,65640,65640,,
36057,4175,4175,,
36059,181639,181639,,
36063,19506,19506,,
36065,22103,22103,,
36067,37714,37714,,
36069,7258,7258,,
36071,47669,47669,,
36073,3020,3020,,
36075,7359,7359,,
36077,3363,3363,,
36079,10512,10512,,
36083,11026,11026,,
36087,46545,46545,,
36091,14976,14976,,
36093,12888,12888,,
36095,1643,1643,,
36097,1026,1026,,
36099,1968,1968,,
36101,6683,6683,,
36089,6433,6433,,
36103,198695,198695,,
36105,6503,6503,,
36107,3641,3641,,
36109,4209,4209,,
36111,13679,13679,,
36113,3548,3548,,
36115,3040,3040,,
36117,5586,5586,,
36119,128473,128473,,
36121,3459,3459,,
36123,1162,1162,,
37001,17933,16491,1442,
37003,4375,3456,919,
37005,1036,690,346,
37007,2562,2256,306,
37009,2102,1611,491,
37011,2117,1771,346,
37013,4569,3957,612,
37015,1759,1610,149,
37017,3255,2330,925,
37019,9099,7828,1271,
37021,17611,14607,3004,
37023,9931,7012,2919,
37025,21737,18834,2903,
37027,9306,7782,1524,
37029,659,577,82,
37031,5107,3276,1831,
37033,2164,1968,196,
37035,19330,16003,3327,
37037,4623,4019,604,
37039,2553,2235,318,
37041,1456,1398,58,
37043,740,675,65,
37045,11412,10318,1094,
37047,6312,4497,1815,
37049,9256,6609,2647,
37051,28463,24928,3535,
37053,1539,1301,238,
37055,2106,2089,17,
37057,16407,14541,1866,
37059,4050,3228,822,
37061,6248,4197,2051,
37063,25334,25334,,
37065,5544,5280,264,
37067,35599,32163,3436,
37069,6805,6438,367,
37071,26427,24227,2200,
37073,734,661,73,
37075,584,349,235,
37077,5921,5476,445,
37079,2312,1968,344,
37081,46996,39924,7072,
37083,5558,5131,427,
37085,11494,8950,2544,
37087,4352,3038,1314,
37089,10133,8452,1681,
37091,2092,1882,210,
37093,4644,4234,410,
37095,669,526,143,
37097,18612,13595,5017,
37099,3595,2692,903,
37101,21397,17165,4232,
37103,830,602,228,
37105,5960,5180,780,
37107,5949,4783,1166,
37109,9982,8879,1103,
37113,3137,2526,611,
37115,1563,1302,261,
37117,2240,1986,254,
37111,5214,4012,1202,
37119,111196,101007,10189,
37121,1441,918,523,
37123,3304,2925,379,
37125,8848,7407,1441,
37127,11446,10323,1123,
37129,19074,14226,4848,
37131,1873,1657,216,
37133,16885,13345,3540,
37135,8516,8052,464,
37137,1115,870,245,
37139,3355,3190,165,
37141,5388,4634,754,
37143,1009,908,101,
37145,3347,2758,589,
37147,19542,18443,1099,
37149,1468,1066,402,
37151,14956,10551,4405,
37153,4636,3817,819,
37155,16365,11867,4498,
37157,7511,6951,560,
37159,16761,15132,1629,
37161,7281,6535,746,
37163,7903,4730,3173,
37165,3778,3072,706,
37167,7768,7273,495,
37169,4034,3412,622,
37171,8165,5802,2363,
37173,1215,885,330,
37175,2358,1845,513,
37177,319,292,27,
37179,24233,20862,3371,
37181,4926,4464,462,
37183,94104,87446,6658,
37185,1789,1668,121,
37187,1061,1000,61,
37189,4589,3090,1499,
37191,11082,9119,1963,
37193,6618,4422,2196,
37195,9652,8008,1644,
37197,3999,3172,827,
37199,1612,785,827,
38001,269,268,1,
38003,1412,1269,143,
38005,1087,1023,64,
38007,54,52,2,
38009,715,668,47,
38011,402,272,130,
38013,240,232,8,
38015,15674,14772,902,
38017,24420,22578,1842,
38019,430,402,28,
38021,795,651,144,
38023,181,166,15,
38025,380,370,10,
38027,469,437,32,
38029,421,417,4,
38031,595,583,12,
38033,258,244,14,
38035,10584,9957,627,
38037,208,205,3,
38039,324,307,17,
38041,328,317,11,
38043,268,257,11,
38045,536,453,83,
38047,263,212,51,
38049,646,543,103,
38051,343,277,66,
38053,1314,1285,29,
38055,1269,1213,56,
38057,1118,1099,19,
38059,5258,4928,330,
38061,1321,1262,59,
38063,476,453,23,
38065,157,148,9,
38067,811,798,13,
38069,548,510,38,
38071,1716,1647,69,
38073,686,609,77,
38075,320,289,31,
38077,2013,1711,302,
38079,2143,2046,97,
38081,496,405,91,
38083,121,95,26,
38085,659,637,22,
38087,32,22,10,
38089,4784,4460,324,
38091,182,163,19,
38093,3505,3075,430,
38095,318,304,14,
38097,1046,934,112,
38099,1905,1880,25,
38101,9712,8699,1013,
38103,451,372,79,
38105,4819,4007,812,
39001,2379,,,
39003,11647,,,
39005,4220,,,
39007,6809,,,
39009,5193,,,
39011,4910,,,
39013,5892,,,
39015,3945,,,
39017,38345,,,
39019,1915,,,
39021,3322,,,
39023,13989,,,
39025,19769,,,
39027,3722,,,
39029,8787,,,
39031,2653,,,
39033,3975,,,
39035,112117,,,
39037,5356,,,
39039,4200,,,
39041,18519,,,
39043,7895,,,
39045,16186,,,
39047,2820,,,
39049,125899,,,
39051,4229,,,
39053,2356,,,
39055,6694,,,
39057,15074,,,
39059,3156,,,
39061,80008,,,
39063,6916,,,
39065,2710,,,
39067,1083,,,
39069,2686,,,
39071,3550,,,
39073,2153,,,
39075,2608,,,
39077,5431,,,
39079,3126,,,
39081,5531,,,
39083,4488,,,
39085,20679,,,
39087,5551,,,
39089,16420,,,
39091,3816,,,
39093,25015,,,
39095,42179,,,
39097,4358,,,
39099,21561,,,
39101,8527,,,
39103,15279,,,
39105,1448,,,
39107,4803,,,
39109,10674,,,
39111,1320,,,
39113,51452,,,
39115,1084,,,
39117,2849,,,
39119,8807,,,
39121,1333,,,
39123,3668,,,
39125,1726,,,
39127,2952,,,
39129,8571,,,
39131,2376,,,
39133,12857,,,
39135,3796,,,
39137,4278,,,
39139,11358,,,
39141,6852,,,
39143,5348,,,
39145,6406,,,
39147,5284,,,
39149,4693,,,
39151,32300,,,
39153,47188,,,
39155,16051,,,
39157,8477,,,
39159,5708,,,
39161,2434,,,
39163,832,,,
39165,24282,,,
39167,5156,,,
39169,8804,,,
39171,3394,,,
39173,13089,,,
39175,2311,,,
40001,3177,,,
40003,1155,,,
40005,1872,,,
40007,474,,,
40009,2895,,,
40011,1042,,,
40013,6106,,,
40015,3969,,,
40017,17127,,,
40019,6111,,,
40021,5624,,,
40023,1613,,,
40025,214,,,
40027,30936,,,
40029,697,,,
40031,13783,,,
40033,692,,,
40035,1970,,,
40037,6919,,,
40039,4070,,,
40041,4618,,,
40043,550,,,
40045,356,,,
40047,7797,,,
40049,3610,,,
40051,5935,,,
40053,549,,,
40055,582,,,
40057,326,,,
40059,420,,,
40061,1253,,,
40063,1234,,,
40065,3114,,,
40067,702,,,
40069,1376,,,
40071,5313,,,
40073,2053,,,
40075,811,,,
40077,835,,,
40079,5569,,,
40081,3239,,,
40083,4249,,,
40085,1499,,,
40093,955,,,
40095,2047,,,
40097,4187,,,
40087,5289,,,
40089,3936,,,
40091,1999,,,
40099,2014,,,
40101,9316,,,
40103,1379,,,
40105,1148,,,
40107,1780,,,
40109,86408,,,
40111,3743,,,
40113,4718,,,
40115,3892,,,
40117,1781,,,
40119,8667,,,
40121,4639,,,
40123,5128,,,
40125,8335,,,
40127,1011,,,
40129,389,,,
40131,10463,,,
40133,2868,,,
40135,4111,,,
40137,4838,,,
40139,3514,,,
40141,803,,,
40143,74382,,,
40145,8051,,,
40147,5199,,,
40149,1081,,,
40151,1205,,,
40153,3160,,,
41001,946,,,
41003,3039,,,
41005,17186,,,
41007,972,,,
41009,1715,,,
41011,2049,,,
41013,1073,,,
41015,645,,,
41017,8703,,,
41019,3225,,,
41021,62,,,
41023,506,,,
41025,338,,,
41027,1181,,,
41029,10733,,,
41031,2170,,,
41033,3308,,,
41035,4330,,,
41037,444,,,
41039,12838,,,
41041,1371,,,
41043,4828,,,
41045,3504,,,
41047,21814,,,
41049,1101,,,
41051,37970,,,
41053,3710,,,
41055,58,,,
41057,640,,,
41059,8140,,,
41061,1444,,,
41063,182,,,
41065,1370,,,
41067,25360,,,
41069,28,,,
41071,4422,,,
42001,9309,7732,1577,
42003,99089,75227,23862,
42005,5840,4617,1223,
42007,14988,12230,2758,
42009,4446,3148,1298,
42011,46671,36304,10367,
42013,12899,10211,2688,
42015,5799,4820,979,
42017,59478,51980,7498,
42019,17052,10866,6186,
42021,14074,10023,4051,
42023,293,198,95,
42025,6182,5955,227,
42027,16578,15117,1461,
42029,39871,33143,6728,
42031,3119,2028,1091,
42033,8360,6097,2263,
42035,3596,3222,374,
42037,5648,5079,569,
42039,7152,5585,1567,
42041,20006,16185,3821,
42043,25266,22113,3153,
42045,51240,44836,6404,
42047,2826,1553,1273,
42049,20473,18052,2421,
42051,12713,8540,4173,
42053,1422,1359,63,
42055,14888,12683,2205,
42057,1305,731,574,
42059,3185,2266,919,
42061,5008,4195,813,
42063,6100,4309,1791,
42065,3248,1912,1336,
42067,2086,1885,201,
42069,18034,15238,2796,
42071,54098,47838,6260,
42073,7370,5343,2027,
42075,15711,13631,2080,
42077,38813,37027,1786,
42079,30942,28506,2436,
42081,11552,9684,1868,
42083,3613,2752,861,
42085,9310,7262,2048,
42087,5269,4980,289,
42089,14303,13869,434,
42091,68963,59226,9737,
42093,1981,1812,169,
42095,35039,32780,2259,
42097,9384,8006,1378,
42099,3715,2909,806,
42101,149172,149172,,
42103,3861,3459,402,
42105,1109,967,142,
42107,14367,12897,1470,
42109,3579,2758,821,
42111,7722,5616,2106,
42113,418,335,83,
42115,2522,2210,312,
42117,2926,2460,466,
42119,6006,4556,1450,
42121,3853,3040,813,
42123,2565,1972,593,
42125,17241,10778,6463,
42127,3978,3569,409,
42129,33329,22578,10751,
42131,1873,1544,329,
42133,45139,37062,8077,
72001,546,429,117,
72003,1515,1058,457,
72005,1832,1203,629,
72007,1350,1059,291,
72009,787,535,252,
72011,963,623,340,
72013,3475,2701,774,
72015,444,247,197,
72017,913,675,238,
72019,1583,989,594,
72021,12432,9062,3370,
72023,1251,673,578,
72025,7183,5599,1584,
72027,1399,1020,379,
72029,2323,1712,611,
72031,10056,7761,2295,
72033,1502,1120,382,
72035,1593,982,611,
72037,509,234,275,
72039,902,684,218,
72041,1486,1075,411,
72043,1156,706,450,
72045,869,605,264,
72047,2034,1349,685,
72049,43,33,10,
72051,2606,1782,824,
72053,1640,785,855,
72054,827,460,367,
72055,310,164,146,
72057,1068,720,348,
72059,547,318,229,
72061,5211,3872,1339,
72063,2457,1933,524,
72065,1340,1012,328,
72067,500,334,166,
72069,2453,1682,771,
72071,1536,1023,513,
72073,587,282,305,
72075,1359,960,399,
72077,2497,1792,705,
72079,577,265,312,
72081,1112,682,430,
72083,291,190,101,
72085,1937,1309,628,
72087,1409,1088,321,
72089,880,543,337,
72091,1859,1267,592,
72093,147,96,51,
72095,450,285,165,
72097,2411,1526,885,
72099,1655,1142,513,
72101,1683,1257,426,
72103,1183,819,364,
72105,2029,1289,740,
72107,1078,824,254,
72109,502,280,222,
72111,630,421,209,
72113,3940,2865,1075,
72115,992,681,311,
72117,644,435,209,
72119,2443,1597,846,
72121,518,297,221,
72123,1192,611,581,
72125,798,433,365,
72127,22055,16559,5496,
72129,2011,1485,526,
72131,1917,997,920,
72133,678,407,271,
72135,4662,3420,1242,
72137,4757,3392,1365,
72139,3600,2610,990,
72141,1045,828,217,
72143,2209,1524,685,
72145,3369,2609,760,
72147,205,45,160,
72149,872,674,198,
72151,1366,915,451,
72153,1221,722,499,
44001,5063,,,
44003,18337,,,
44005,6737,,,
44007,96768,,,
44009,9877,,,
45001,2570,2089,481,
45003,17262,12908,4354,
45005,928,847,81,
45007,22844,19895,2949,
45009,1567,1433,134,
45011,2571,2273,298,
45013,16773,14901,1872,
45015,17513,14357,3156,
45017,1313,1207,106,
45019,43111,33847,9264,
45021,6036,5524,512,
45023,4186,3496,690,
45025,4796,3202,1594,
45027,3423,2729,694,
45029,3612,2666,946,
45031,8451,6228,2223,
45033,4371,3954,417,
45035,17786,12223,5563,
45037,3129,2598,531,
45039,2389,2109,280,
45041,17702,15581,2121,
45043,6700,4290,2410,
45045,74253,66597,7656,
45047,8145,7475,670,
45049,1911,1583,328,
45051,38865,29196,9669,
45053,2338,2165,173,
45055,7471,5983,1488,
45057,10712,8705,2007,
45059,7373,6502,871,
45061,1906,1639,267,
45063,33254,26029,7225,
45067,3528,3156,372,
45069,3349,2587,762,
45065,1023,792,231,
45071,4994,4097,897,
45073,9633,8874,759,
45075,9729,9073,656,
45077,18655,16936,1719,
45079,46518,39109,7409,
45081,1805,1564,241,
45083,41249,34052,7197,
45085,10430,9040,1390,
45087,3140,2340,800,
45089,4062,3362,700,
45091,31141,26553,4588,
46003,471,347,124,
46005,2952,2626,326,
46007,391,340,51,
46009,1544,1476,68,
46011,4205,3221,984,
46013,5553,4854,699,
46015,716,660,56,
46017,425,414,11,
46019,1051,939,112,
46021,130,125,5,
46023,1376,1003,373,
46025,460,357,103,
46027,1920,1731,189,
46029,4627,4262,365,
46031,478,450,28,
46033,845,804,41,
46035,3227,2956,271,
46037,706,541,165,
46039,527,435,92,
46041,1472,995,477,
46043,454,402,52,
46045,510,373,137,
46047,592,542,50,
46049,369,168,201,
46051,1046,913,133,
46053,579,507,72,
46055,263,186,77,
46057,796,646,150,
46059,362,300,62,
46061,387,353,34,
46063,97,92,5,
46065,2490,1816,674,
46067,915,784,131,
46069,141,122,19,
46071,289,258,31,
46073,274,175,99,
46075,93,71,22,
46077,817,556,261,
46079,1363,1091,272,
46081,2970,2702,268,
46083,8652,7845,807,
46085,649,560,89,
46091,372,311,61,
46087,806,729,77,
46089,246,203,43,
46093,2758,2476,282,
46095,260,203,57,
46097,304,202,102,
46099,31515,29492,2023,
46101,653,566,87,
46102,2111,2015,96,
46103,13684,11667,2017,
46105,358,308,50,
46107,390,301,89,
46109,1358,1222,136,
46111,343,236,107,
46115,842,684,158,
46117,348,241,107,
46119,142,101,41,
46121,1225,1109,116,
46123,755,635,120,
46125,1172,721,451,
46127,2216,1848,368,
46129,767,704,63,
46135,3080,2935,145,
46137,344,225,119,
47001,8760,6513,2247,
47003,6506,5101,1405,
47005,1665,1302,363,
47007,2142,1928,214,
47009,15490,13149,2341,
47011,15032,12229,2803,
47013,4154,2267,1887,
47015,1920,1527,393,
47017,3616,2355,1261,
47019,6634,5748,886,
47021,4553,3455,1098,
47023,2143,1532,611,
47025,3182,2032,1150,
47027,1101,754,347,
47029,4500,2961,1539,
47031,6905,4762,2143,
47033,2032,1222,810,
47035,6734,5525,1209,
47037,98513,83500,15013,
47039,1586,1172,414,
47041,2796,2058,738,
47043,6840,4953,1887,
47045,5425,3564,1861,
47047,5068,4294,774,
47049,2415,2073,342,
47051,5150,4272,878,
47053,6526,3912,2614,
47055,3996,3277,719,
47057,2628,1936,692,
47059,7877,6272,1605,
47061,1793,1499,294,
47063,8610,5974,2636,
47065,44538,37896,6642,
47067,589,405,184,
47069,3526,2827,699,
47071,3571,2407,1164,
47073,6077,4904,1173,
47075,2711,2269,442,
47077,3789,2617,1172,
47079,3185,2444,741,
47081,2840,2284,556,
47083,1093,823,270,
47085,1799,1141,658,
47087,1320,1033,287,
47089,6211,4229,1982,
47091,2407,2084,323,
47093,51857,43242,8615,
47095,1703,1513,190,
47097,3189,2481,708,
47099,5938,4620,1318,
47101,1581,1177,404,
47103,4357,3351,1006,
47105,6130,4665,1465,
47111,3619,2800,819,
47113,11168,6245,4923,
47115,3123,2668,455,
47117,4190,3278,912,
47119,13499,11785,1714,
47107,6508,5755,753,
47109,2820,1989,831,
47121,1391,1244,147,
47123,5840,4596,1244,
47125,20255,14852,5403,
47127,1011,778,233,
47129,2501,1829,672,
47131,4541,3352,1189,
47133,3011,2255,756,
47135,1066,915,151,
47137,760,501,259,
47139,2078,1863,215,
47141,11396,9256,2140,
47143,4348,3755,593,
47145,6282,4824,1458,
47147,9756,7624,2132,
47149,43046,36678,6368,
47151,3123,1709,1414,
47153,1698,1325,373,
47155,13391,11386,2005,
47157,96512,89213,7299,
47159,2778,2070,708,
47161,1325,1003,322,
47163,16794,14583,2211,
47165,24012,21164,2848,
47167,7359,5092,2267,
47169,2501,2341,160,
47171,2035,1535,500,
47173,1907,1595,312,
47175,847,697,150,
47177,5548,4721,827,
47179,14597,12497,2100,
47181,2963,2375,588,
47183,4128,3024,1104,
47185,3641,2958,683,
47187,28015,23526,4489,
47189,18804,16867,1937,
48001,6170,4782,1388,
48003,1816,1816,0,
48005,8545,4911,3634,
48007,1250,957,293,
48009,803,689,114,
48011,184,134,50,
48013,5761,4309,1452,
48015,2157,1793,364,
48017,823,607,216,
48019,1393,985,408,
48021,9432,7121,2311,
48023,298,126,172,
48025,3489,3103,386,
48027,22462,22462,0,
48029,219133,181337,37796,
48031,733,605,128,
48033,31,22,9,
48035,1670,1363,307,
48037,6983,4740,2243,
48039,37612,30941,6671,
48041,26575,22531,4044,
48043,929,837,92,
48045,168,97,71,
48047,804,675,129,
48049,4255,2004,2251,
48051,2408,1965,443,
48053,4748,4192,556,
48055,5617,5280,337,
48057,2300,1864,436,
48059,1189,611,578,
48061,40630,40630,0,
48063,1254,836,418,
48065,526,364,162,
48067,1920,1197,723,
48069,987,715,272,
48071,4976,4976,0,
48073,4186,2255,1931,
48075,1382,1343,39,
48077,1030,938,92,
48079,303,259,44,
48081,467,226,241,
48083,749,487,262,
48085,90548,74457,16091,
48087,325,245,80,
48089,1727,1405,322,
48091,10470,5585,4885,
48093,1554,1173,381,
48095,380,231,149,
48097,3723,3187,536,
48099,7250,6976,274,
48101,190,143,47,
48103,531,204,327,
48105,574,216,358,
48107,655,393,262,
48109,362,336,26,
48111,973,831,142,
48113,300439,258609,41830,
48115,1735,1735,0,
48117,2814,2118,696,
48119,320,182,138,
48121,74882,55080,19802,
48123,1927,1927,0,
48125,187,116,71,
48127,2174,1806,368,
48129,405,205,200,
48131,1253,1125,128,
48133,1353,946,407,
48135,17236,8823,8413,
48137,248,199,49,
48139,22765,18901,3864,
48141,134825,134825,0,
48143,4187,2838,1349,
48145,2086,1890,196,
48147,3475,2601,874,
48149,2714,1637,1077,
48151,299,299,0,
48153,853,382,471,
48155,122,87,35,
48157,67507,57942,9565,
48159,729,506,223,
48161,1908,1097,811,
48163,2828,2219,609,
48165,1440,1440,0,
48167,39469,33707,5762,
48169,487,255,232,
48171,2548,1710,838,
48173,104,41,63,
48175,449,283,166,
48177,2734,2366,368,
48179,2322,1989,333,
48181,11294,11294,0,
48183,11157,6137,5020,
48185,3707,3339,368,
48187,14686,10958,3728,
48189,6116,6116,0,
48191,462,360,102,
48193,771,713,58,
48195,900,392,508,
48197,380,323,57,
48199,5741,2704,3037,
48201,395304,395304,,
48203,4856,2490,2366,
48205,635,525,110,
48207,445,200,245,
48209,20600,18561,2039,
48211,585,538,47,
48213,5894,3927,1967,
48215,89426,89426,,
48217,4498,3789,709,
48219,2825,2434,391,
48221,6544,4322,2222,
48223,3104,1620,1484,
48225,1639,906,733,
48227,4641,3034,1607,
48229,531,455,76,
48231,5996,5152,844,
48233,2022,1540,482,
48235,127,52,75,
48237,609,524,85,
48239,1822,1555,267,
48241,2474,986,1488,
48243,190,150,40,
48245,19662,19662,0,
48247,613,579,34,
48249,4281,3710,571,
48251,19779,16778,3001,
48253,2614,1915,699,
48255,2102,1822,280,
48257,16042,13377,2665,
48259,3290,1717,1573,
48261,38,20,18,
48263,106,41,65,
48265,4478,2278,2200,
48267,265,208,57,
48269,11,5,6,
48271,347,330,17,
48273,2645,1952,693,
48275,258,171,87,
48277,5823,2668,3155,
48279,2297,1803,494,
48281,2181,1846,335,
48283,1048,904,144,
48285,2479,1976,503,
48287,2193,1021,1172,
48289,1633,1273,360,
48291,7865,6007,1858,
48293,2782,2143,639,
48295,335,300,35,
48297,1132,874,258,
48299,1659,1180,479,
48301,2,1,1,
48303,49031,49031,0,
48305,618,618,0,
48313,1963,1713,250,
48315,538,351,187,
48317,634,353,281,
48319,399,240,159,
48321,4074,3409,665,
48323,10438,10438,0,
48307,573,412,161,
48309,27138,27138,0,
48311,83,64,19,
48325,4994,3795,1199,
48327,211,142,69,
48329,17433,17433,0,
48331,2531,1442,1089,
48333,656,594,62,
48335,605,605,0,
48337,2085,1754,331,
48339,53059,42722,10337,
48341,2725,2246,479,
48343,870,582,288,
48345,115,54,61,
48347,4531,3398,1133,
48349,5793,3463,2330,
48351,623,301,322,
48353,1537,1537,0,
48355,42216,27286,14930,
48357,1156,1025,131,
48359,268,137,131,
48361,8501,4140,4361,
48363,2894,2496,398,
48365,1607,988,619,
48367,15713,12446,3267,
48369,1273,906,367,
48371,1663,1384,279,
48373,3282,1493,1789,
48375,17398,17398,0,
48377,819,642,177,
48379,801,406,395,
48381,16752,16752,0,
48383,382,199,183,
48385,311,275,36,
48387,695,411,284,
48389,1843,1029,814,
48391,666,584,82,
48393,61,56,5,
48395,2130,1708,422,
48397,11513,9422,2091,
48399,1291,788,503,
48401,3957,2230,1727,
48403,523,167,356,
48405,573,332,241,
48407,1295,894,401,
48409,4360,3303,1057,
48411,782,526,256,
48413,236,124,112,
48415,2420,2336,84,
48417,272,131,141,
48419,1679,934,745,
48421,225,194,31,
48423,20253,11797,8456,
48425,1079,590,489,
48427,9514,7773,1741,
48429,792,446,346,
48431,108,51,57,
48433,156,49,107,
48435,469,275,194,
48437,834,449,385,
48439,258115,216586,41529,
48441,15798,7402,8396,
48443,75,65,10,
48445,1692,1692,0,
48447,73,50,23,
48449,3716,2726,990,
48451,16809,4651,12158,
48453,82882,82882,0,
48455,754,529,225,
48457,1325,608,717,
48459,3271,1345,1926,
48461,369,69,300,
48463,3574,3441,133,
48465,7860,7860,0,
48467,4314,2678,1636,
48469,8760,8751,9,
48471,8804,7899,905,
48473,4135,3475,660,
48475,1193,712,481,
48477,4059,3309,750,
48479,43962,43962,,
48481,4109,3654,455,
48483,531,476,55,
48485,15019,15019,0,
48487,1911,1619,292,
48489,2986,2777,209,
48491,45857,39120,6737,
48493,4488,3293,1195,
48495,769,574,195,
48497,7322,6060,1262,
48499,3433,1986,1447,
48501,872,872,0,
48503,2166,1930,236,
48505,1766,1573,193,
48507,1855,1647,208,
49001,789,,,
49003,5392,,,
49005,16091,,,
49007,1642,,,
49009,39,,,
49011,37997,,,
49013,1255,,,
49015,925,,,
49017,469,,,
49019,936,,,
49021,5787,,,
49023,1267,,,
49025,666,,,
49027,1436,,,
49029,1283,,,
49031,99,,,
49033,158,,,
49035,149081,,,
49037,1903,,,
49039,3797,,,
49041,2186,,,
49043,5537,,,
49045,7247,,,
49047,2637,,,
49049,95853,,,
49051,4639,,,
49053,21024,,,
49055,128,,,
49057,28941,,,
50001,1031,,,
50003,1982,,,
50005,1027,,,
50007,7399,,,
50009,281,,,
50011,1974,,,
50013,210,,,
50015,863,,,
50017,779,,,
50019,1211,,,
50021,2157,,,
50023,1823,,,
50025,1338,,,
50027,1392,,,
51001,2825,,,
51003,5758,,,
51510,11752,,,
51005,1331,,,
51007,890,,,
51009,2918,,,
51011,1589,,,
51013,15226,,,
51015,5776,,,
51017,270,,,
51019,6340,,,
51021,673,,,
51023,2520,,,
51520,1496,,,
51025,1311,,,
51027,1423,,,
51029,2129,,,
51530,904,,,
51031,4466,,,
51033,2584,,,
51035,2644,,,
51036,500,,,
51037,857,,,
51540,4008,,,
51550,20821,,,
51041,27613,,,
51043,978,,,
51570,1705,,,
51580,600,,,
51045,310,,,
51047,4613,,,
51049,485,,,
51590,4379,,,
51051,931,,,
51053,2114,,,
51595,669,,,
51057,760,,,
51059,76416,,,
51600,555,,,
51610,429,,,
51061,4641,,,
51063,853,,,
51065,1914,,,
51067,4030,,,
51620,1130,,,
51069,7920,,,
51630,2116,,,
51640,1164,,,
51071,1275,,,
51073,2191,,,
51075,1437,,,
51077,1463,,,
51079,1255,,,
51081,1575,,,
51083,2800,,,
51650,10405,,,
51085,8023,,,
51660,6474,,,
51087,25219,,,
51089,4559,,,
51091,109,,,
51670,2574,,,
51093,3135,,,
51095,4586,,,
51097,396,,,
51099,1682,,,
51101,1218,,,
51103,713,,,
51105,2419,,,
51678,1190,,,
51107,27635,,,
51109,1966,,,
51111,763,,,
51680,7707,,,
51113,612,,,
51683,4298,,,
51685,1217,,,
51690,1596,,,
51115,597,,,
51117,2295,,,
51119,572,,,
51121,9347,,,
51125,891,,,
51127,1487,,,
51700,13905,,,
51710,17562,,,
51131,805,,,
51133,743,,,
51720,282,,,
51135,1912,,,
51137,2175,,,
51139,2031,,,
51141,1348,,,
51730,3848,,,
51143,5528,,,
51735,873,,,
51740,9019,,,
51145,1907,,,
51147,2145,,,
51149,3519,,,
51153,45034,,,
51155,2632,,,
51750,2133,,,
51157,354,,,
51159,1510,,,
51760,16927,,,
51161,8224,,,
51770,8433,,,
51163,1532,,,
51165,6732,,,
51167,2257,,,
51775,2150,,,
51169,1823,,,
51171,4295,,,
51173,2947,,,
51175,1973,,,
51177,9907,,,
51179,11221,,,
51790,2518,,,
51800,7883,,,
51181,423,,,
51183,1184,,,
51185,3615,,,
51810,35735,,,
51187,2935,,,
51191,4882,,,
51820,2359,,,
51193,1277,,,
51830,764,,,
51840,2846,,,
51195,3165,,,
51197,2637,,,
51199,3724,,,
53001,2123,1953,170,
53003,1433,1427,6,
53005,16849,16237,612,
53007,6852,3352,3500,
53009,1259,1142,117,
53011,23289,22193,1096,
53013,120,88,32,
53015,5827,5469,358,
53017,3645,1783,1862,
53019,339,266,73,
53021,12318,12025,293,
53023,122,88,34,
53025,10098,6901,3197,
53027,3902,3676,226,
53029,1707,1537,170,
53031,403,399,4,
53033,104965,100790,4175,
53035,7910,7196,714,
53037,2920,2758,162,
53039,728,601,127,
53041,4464,3670,794,
53043,498,474,24,
53045,2681,2602,79,
53047,2492,1741,751,
53049,910,731,179,
53051,745,652,93,
53053,50969,46866,4103,
53055,176,171,5,
53057,5551,4978,573,
53059,337,334,3,
53061,37023,35035,1988,
53063,42984,39967,3017,
53065,2113,1931,182,
53067,9298,8248,1050,
53069,108,104,4,
53071,5072,4937,135,
53073,8750,8423,327,
53075,4273,4172,101,
53077,30689,26419,4270,
54001,1427,1163,264,
54003,12321,9945,2376,
54005,2012,1790,222,
54007,926,780,146,
54009,2193,1497,696,
54011,8671,7261,1410,
54013,319,240,79,
54015,495,415,80,
54017,591,441,150,
54019,3435,2815,620,
54021,834,731,103,
54023,1276,1068,208,
54025,2785,1918,867,
54027,1800,1431,369,
54029,2792,2108,684,
54031,1518,1045,473,
54033,5688,3992,1696,
54035,2099,1802,297,
54037,4590,3893,697,
54039,14889,12524,2365,
54041,1183,1119,64,
54043,1468,1261,207,
54045,3096,2052,1044,
54049,4416,3265,1151,
54051,3429,2506,923,
54053,1999,1948,51,
54047,1562,1204,358,
54055,4801,3176,1625,
54057,2846,2548,298,
54059,2558,1759,799,
54061,9179,7473,1706,
54063,1125,934,191,
54065,1169,909,260,
54067,1671,1211,460,
54069,4205,3071,1134,
54071,701,493,208,
54073,877,718,159,
54075,663,406,257,
54077,2863,2599,264,
54079,5126,4157,969,
54081,6735,4850,1885,
54083,2570,1455,1115,
54085,702,553,149,
54087,628,561,67,
54089,820,685,135,
54091,1227,996,231,
54093,524,357,167,
54095,710,442,268,
54097,1859,1606,253,
54099,3077,2505,572,
54101,475,293,182,
54103,1327,715,612,
54105,423,325,98,
54107,7747,5786,1961,
54109,1984,1910,74,
55001,1931,1736,195,
55003,1358,1262,96,
55005,5952,5797,155,
55007,1266,1144,122,
55009,35124,31552,3572,
55011,1388,1354,34,
55013,1513,1372,141,
55015,6447,5777,670,
55017,7562,7370,192,
55019,3655,3253,402,
55021,5819,5424,395,
55023,1776,1715,61,
55025,46091,44596,1495,
55027,12771,11850,921,
55029,2824,2605,219,
55031,4822,4039,783,
55033,5051,4647,404,
55035,11868,11516,352,
55037,501,446,55,
55039,13621,12383,1238,
55041,1039,960,79,
55043,5682,4905,777,
55045,3620,3499,121,
55047,2011,1572,439,
55049,2112,2024,88,
55051,696,577,119,
55053,2692,2630,62,
55055,9571,8371,1200,
55057,3284,3171,113,
55059,18338,15624,2714,
55061,2688,2344,344,
55063,13537,12746,791,
55065,1713,1560,153,
55067,2165,1998,167,
55069,3274,3060,214,
55071,8789,7549,1240,
55073,16185,14651,1534,
55075,4600,4142,458,
55077,1562,1374,188,
55078,811,803,8,
55079,115852,105789,10063,
55081,4643,4536,107,
55083,5003,4450,553,
55085,3790,3631,159,
55087,23575,20600,2975,
55089,9165,8165,1000,
55091,880,854,26,
55093,4931,3969,962,
55095,4620,4491,129,
55097,7319,6748,571,
55099,1336,1230,106,
55101,24790,21716,3074,
55103,1377,1304,73,
55105,17907,16003,1904,
55107,1369,1314,55,
55111,6100,5822,278,
55113,1742,1686,56,
55115,5275,4695,580,
55117,14645,13738,907,
55109,9521,7826,1695,
55119,2105,1870,235,
55121,3643,3537,106,
55123,1992,1921,71,
55125,2395,2249,146,
55127,12487,9457,3030,
55129,1546,1457,89,
55131,16719,14677,2042,
55133,48672,43732,4940,
55135,6015,4892,1123,
55137,2497,2159,338,
55139,21220,18135,3085,
55141,7541,7047,494,
56001,4329,3834,495,
56003,1154,931,223,
56005,4853,4341,512,
56007,1586,1433,153,
56009,1001,515,486,
56011,429,396,33,
56013,5179,4352,827,
56015,1206,1111,95,
56017,369,273,96,
56019,718,425,293,
56021,9148,7626,1522,
56023,1405,1194,211,
56025,7980,5936,2044,
56027,161,72,89,
56029,2728,2577,151,
56031,624,409,215,
56033,3157,2496,661,
56035,782,629,153,
56037,4285,4111,174,
56039,3751,3666,85,
56041,2217,1891,326,
56043,910,712,198,
56045,651,547,104,
