CountyId,Deaths,ConfirmedDeaths,ProbableDeaths,isDeleted
1001,108,96,12,
1003,308,232,76,
1005,57,38,19,
1007,64,40,24,
1009,137,113,24,
1011,41,31,10,
1013,69,61,8,
1015,314,252,62,
1017,123,78,45,
1019,45,34,11,
1021,112,85,27,
1023,24,13,11,
1025,61,45,16,
1027,56,50,6,
1029,41,33,8,
1031,119,49,70,
1033,134,113,21,
1035,29,25,4,
1037,28,25,3,
1039,118,79,39,
1041,57,49,8,
1043,193,129,64,
1045,111,87,24,
1047,151,113,38,
1049,186,156,30,
1051,205,166,39,
1053,76,58,18,
1055,353,290,63,
1057,62,46,16,
1059,82,68,14,
1061,77,37,40,
1063,34,26,8,
1065,77,63,14,
1067,44,26,18,
1069,281,171,110,
1071,112,85,27,
1073,1522,1233,289,
1075,35,25,10,
1077,241,192,49,
1079,98,83,15,
1081,171,105,66,
1083,151,126,25,
1085,53,48,5,
1087,50,38,12,
1089,503,386,117,
1091,64,52,12,
1093,101,88,13,
1095,223,168,55,
1097,804,746,58,
1099,40,31,9,
1101,589,499,90,
1103,279,238,41,
1105,26,23,3,
1107,61,44,17,
1109,77,33,44,
1111,41,27,14,
1113,38,29,9,
1117,249,191,58,
1115,243,209,34,
1119,32,28,4,
1121,176,142,34,
1123,152,132,20,
1125,452,310,142,
1127,277,239,38,
1129,39,31,8,
1131,30,28,2,
1133,72,62,10,
2013,3,3,,
2016,0,0,,
2020,171,171,,
2050,21,21,,
2068,0,0,,
2070,2,2,,
2090,38,38,,
2100,0,0,,
2110,3,3,,
2122,19,19,,
2130,1,1,,
2150,5,5,,
2158,4,4,,
2170,46,46,,
2180,0,0,,
2185,4,4,,
2188,2,2,,
2195,0,0,,
2198,1,1,,
2220,0,0,,
2230,0,0,,
2240,4,4,,
2261,2,2,,
2275,0,0,,
2290,4,4,,
4001,429,,,
4003,283,,,
4005,330,,,
4007,228,,,
4009,79,,,
4011,10,,,
4012,80,,,
4013,9922,,,
4015,721,,,
4017,533,,,
4019,2403,,,
4021,876,,,
4023,176,,,
4025,505,,,
4027,834,,,
5001,36,27,9,
5003,34,25,9,
5005,104,71,33,
5007,415,308,107,
5009,80,69,11,
5011,32,17,15,
5013,3,2,1,
5015,45,40,5,
5017,41,39,2,
5019,41,34,7,
5021,50,36,14,
5023,74,51,23,
5025,25,20,5,
5027,56,36,20,
5029,32,26,6,
5031,179,159,20,
5033,119,100,19,
5035,96,84,12,
5037,50,46,4,
5039,15,11,4,
5041,24,19,5,
5043,43,35,8,
5045,161,132,29,
5047,39,33,6,
5049,47,24,23,
5051,259,210,49,
5053,32,29,3,
5055,77,63,14,
5057,20,12,8,
5059,72,64,8,
5061,25,21,4,
5063,123,87,36,
5065,41,30,11,
5067,38,23,15,
5069,166,131,35,
5071,38,31,7,
5073,9,6,3,
5075,43,39,4,
5077,34,33,1,
5079,48,34,14,
5081,42,39,3,
5083,22,15,7,
5085,119,93,26,
5087,23,16,7,
5089,30,24,6,
5091,38,22,16,
5093,107,91,16,
5095,17,15,2,
5097,33,22,11,
5099,24,22,2,
5101,26,22,4,
5103,62,44,18,
5105,10,8,2,
5107,39,37,2,
5109,22,15,7,
5111,77,61,16,
5113,72,57,15,
5115,107,90,17,
5117,21,16,5,
5119,656,565,91,
5121,47,35,12,
5125,167,141,26,
5127,14,14,0,
5129,18,12,6,
5131,278,239,39,
5133,24,20,4,
5135,46,31,15,
5123,42,35,7,
5137,30,24,6,
5139,114,76,38,
5141,23,16,7,
5143,349,248,101,
5145,118,94,24,
5147,13,10,3,
5149,65,50,15,
6001,1545,1545,,
6003,0,0,0,
6005,47,46,1,
6007,199,199,,
6009,53,52,1,
6011,16,14,2,
6013,803,803,,
6015,8,8,,
6017,113,113,,
6019,1682,1682,,
6021,25,25,0,
6023,39,39,,
6025,721,720,1,
6027,38,36,2,
6029,1373,1373,,
6031,246,246,,
6033,43,43,,
6035,24,5,19,
6037,24022,24022,,
6039,242,238,4,
6041,228,228,,
6043,7,7,0,
6045,49,49,,
6047,458,458,,
6049,3,3,,
6051,4,3,1,
6053,382,382,,
6055,81,81,,
6057,75,70,5,
6059,5008,5008,,
6061,290,290,,
6063,6,4,2,
6065,4587,4587,,
6067,1672,1672,,
6069,63,63,,
6071,4707,4707,,
6073,3725,3725,,
6075,543,543,,
6077,1391,1391,,
6079,260,260,,
6081,567,424,143,
6083,456,456,,
6085,2086,2086,,
6087,206,206,,
6089,226,226,,
6091,0,0,,
6093,23,23,,
6095,249,249,,
6097,318,318,,
6099,1055,1055,,
6101,111,111,0,
6103,62,62,,
6105,3,3,,
6107,839,839,,
6109,64,64,0,
6111,1011,1011,,
6113,209,209,,
6115,46,46,,
8001,709,,,
8003,31,,,
8005,777,,,
8007,1,,,
8009,4,,,
8011,21,,,
8013,255,255,,
8014,75,,,
8015,25,,,
8017,6,,,
8019,3,,,
8021,10,,,
8023,3,,,
8025,15,,,
8027,1,,,
8029,61,,,
8031,808,,,
8033,0,,,
8035,254,,,
8037,22,,,
8039,13,,,
8041,801,,,
8043,56,,,
8045,38,,,
8047,3,,,
8049,7,,,
8051,6,,,
8053,0,,,
8055,17,,,
8057,0,,,
8059,760,,,
8061,3,,,
8063,11,,,
8065,0,,,
8067,39,,,
8069,235,,,
8071,12,,,
8073,4,,,
8075,67,,,
8077,216,,,
8079,1,,,
8081,22,,,
8083,24,,,
8085,58,,,
8087,94,,,
8089,65,,,
8091,3,,,
8093,5,,,
8095,13,,,
8097,4,,,
8099,21,,,
8101,383,,,
8103,4,,,
8105,14,,,
8107,20,,,
8109,4,,,
8111,0,,,
8113,0,,,
8115,2,,,
8117,8,,,
8119,15,,,
8121,12,,,
8123,336,237,99,
8125,17,,,
9001,2173,1750,423,
9003,2400,1970,430,
9005,294,256,38,
9007,366,280,86,
9009,2084,1800,284,
9011,444,343,101,
9013,184,147,37,
9015,192,151,41,
10001,338,312,26,
10003,812,724,88,
10005,486,459,27,
11001,1110,1110,,
12001,276,276,,
12003,60,60,,
12005,388,388,,
12007,56,56,,
12009,876,876,,
12011,2964,2964,,
12013,44,44,,
12015,421,421,,
12017,445,445,,
12019,342,342,,
12021,533,533,,
12023,169,169,,
12027,93,93,,
12029,24,24,,
12031,1413,1413,,
12033,690,690,,
12035,111,111,,
12037,17,17,,
12039,98,98,,
12041,44,44,,
12043,19,19,,
12045,44,44,,
12047,25,25,,
12049,44,44,,
12051,83,83,,
12053,467,467,,
12055,357,357,,
12057,1745,1745,,
12059,49,49,,
12061,302,302,,
12063,157,157,,
12065,27,27,,
12067,26,26,,
12069,642,642,,
12071,973,973,,
12073,319,319,,
12075,54,54,,
12077,16,16,,
12079,45,45,,
12081,676,676,,
12083,966,966,,
12085,319,319,,
12086,6252,6252,,
12087,49,49,,
12089,126,126,,
12091,362,362,,
12093,89,89,,
12095,1269,1269,,
12097,510,510,,
12099,2788,2788,,
12101,765,765,,
12103,1629,1629,,
12105,1331,1331,,
12107,148,148,,
12113,287,287,,
12115,822,822,,
12117,499,499,,
12109,211,211,,
12111,638,638,,
12119,278,278,,
12121,139,139,,
12123,47,47,,
12125,73,73,,
12127,804,804,,
12129,56,56,,
12131,87,87,,
12133,52,52,,
13001,71,66,5,
13003,20,18,2,
13005,36,28,8,
13007,9,9,0,
13009,128,113,15,
13011,36,34,2,
13013,137,133,4,
13015,222,206,16,
13017,79,61,18,
13019,44,32,12,
13021,447,406,41,
13023,51,34,17,
13025,37,32,5,
13027,47,36,11,
13029,39,36,3,
13031,114,64,50,
13033,60,36,24,
13035,83,77,6,
13037,15,15,0,
13039,36,30,6,
13043,66,37,29,
13045,241,131,110,
13047,70,64,6,
13049,33,25,8,
13051,453,428,25,
13053,15,13,2,
13055,71,63,8,
13057,319,304,15,
13059,144,137,7,
13061,3,3,0,
13063,478,457,21,
13065,26,25,1,
13067,1053,969,84,
13069,170,137,33,
13071,119,79,40,
13073,203,161,42,
13075,43,38,5,
13077,218,206,12,
13079,19,17,2,
13081,80,56,24,
13083,14,13,1,
13085,43,42,1,
13087,70,55,15,
13089,1006,933,73,
13091,102,56,46,
13093,46,32,14,
13095,303,281,22,
13097,221,177,44,
13099,49,44,5,
13101,9,4,5,
13103,68,65,3,
13105,72,58,14,
13107,81,53,28,
13109,29,17,12,
13111,72,61,11,
13113,168,153,15,
13115,226,185,41,
13117,192,185,7,
13119,52,43,9,
13121,1384,1285,99,
13123,84,72,12,
13125,19,7,12,
13127,172,153,19,
13129,115,104,11,
13131,60,47,13,
13133,64,56,8,
13135,1151,1081,70,
13137,161,153,8,
13139,468,443,25,
13141,65,62,3,
13143,83,35,48,
13145,59,58,1,
13147,53,37,16,
13149,20,16,4,
13151,327,300,27,
13153,255,194,61,
13155,29,18,11,
13157,151,140,11,
13159,39,19,20,
13161,44,36,8,
13163,66,59,7,
13165,44,40,4,
13167,49,42,7,
13169,57,53,4,
13171,57,46,11,
13173,13,9,4,
13175,167,144,23,
13177,58,50,8,
13179,63,61,2,
13181,26,24,2,
13183,12,11,1,
13185,210,143,67,
13187,72,63,9,
13193,31,27,4,
13195,56,46,10,
13197,19,17,2,
13189,48,41,7,
13191,16,14,2,
13199,85,73,12,
13201,13,9,4,
13205,82,74,8,
13207,100,87,13,
13209,23,21,2,
13211,30,23,7,
13213,86,81,5,
13215,458,404,54,
13217,242,223,19,
13219,73,65,8,
13221,29,28,1,
13223,216,167,49,
13225,59,52,7,
13227,79,64,15,
13229,57,44,13,
13231,40,26,14,
13233,95,82,13,
13235,44,32,12,
13237,56,56,0,
13239,2,2,0,
13241,49,41,8,
13243,34,33,1,
13245,509,418,91,
13247,171,152,19,
13249,5,5,0,
13251,31,21,10,
13253,19,18,1,
13255,189,156,33,
13257,83,81,2,
13259,25,25,0,
13261,101,92,9,
13263,18,18,0,
13265,3,3,0,
13267,66,47,19,
13269,25,22,3,
13271,57,45,12,
13273,47,45,2,
13275,123,113,10,
13277,126,97,29,
13279,113,98,15,
13281,56,44,12,
13283,27,24,3,
13285,225,187,38,
13287,39,34,5,
13289,44,39,5,
13291,74,71,3,
13293,126,107,19,
13295,87,80,7,
13297,257,237,20,
13299,178,153,25,
13301,17,14,3,
13303,86,62,24,
13305,88,78,10,
13307,4,4,0,
13309,24,21,3,
13311,80,67,13,
13313,245,230,15,
13315,47,29,18,
13317,28,21,7,
13319,28,28,0,
13321,68,61,7,
15001,53,,,
15003,377,,,
15005,0,,,
15007,2,,,
15009,53,,,
16001,464,,,
16003,4,,,
16005,107,107,0,
16007,2,2,0,
16009,9,,,
16011,74,74,0,
16013,18,,,
16015,2,,,
16017,43,43,,
16019,169,,,
16021,10,,,
16023,1,1,0,
16025,0,,,
16027,296,,,
16029,12,12,0,
16031,27,,,
16033,0,,,
16035,13,13,0,
16037,3,,,
16039,15,14,1,
16041,16,16,0,
16043,14,,,
16045,38,,,
16047,23,,,
16049,18,12,6,
16051,28,,,
16053,23,,,
16055,208,,,
16057,10,8,2,
16059,9,,,
16061,9,7,2,
16063,11,,,
16065,28,,,
16067,32,,,
16069,55,40,15,
16071,4,4,0,
16073,29,,,
16075,37,,,
16077,9,9,0,
16079,34,,,
16081,4,,,
16083,128,,,
16085,6,,,
16087,21,,,
17001,152,123,29,
17003,11,11,,
17005,30,24,6,
17007,84,72,12,
17009,12,6,6,
17011,95,82,13,
17013,5,2,3,
17015,37,36,1,
17017,34,25,9,
17019,153,145,8,
17021,91,74,17,
17023,41,33,8,
17025,48,43,5,
17027,99,90,9,
17029,96,94,2,
17031,10611,10056,555,
17033,42,26,16,
17035,31,19,12,
17037,124,119,5,
17039,31,24,7,
17041,41,35,6,
17043,1361,1276,85,
17045,59,39,20,
17047,13,12,1,
17049,83,72,11,
17051,58,55,3,
17053,54,46,8,
17055,86,74,12,
17057,63,55,8,
17059,5,4,1,
17061,46,33,13,
17063,79,75,4,
17065,18,15,3,
17067,41,31,10,
17069,12,12,,
17071,23,14,9,
17073,92,63,29,
17075,68,66,2,
17077,75,64,11,
17079,20,18,2,
17081,121,120,1,
17083,68,49,19,
17085,27,24,3,
17087,21,15,6,
17089,822,770,52,
17091,217,209,8,
17093,101,92,9,
17095,172,141,31,
17097,1055,984,71,
17099,298,243,55,
17101,34,25,9,
17103,91,52,39,
17105,97,85,12,
17107,70,57,13,
17115,208,198,10,
17117,110,81,29,
17119,591,518,73,
17121,121,115,6,
17123,20,18,2,
17125,46,45,1,
17127,43,40,3,
17109,59,47,12,
17111,311,285,26,
17113,214,178,36,
17129,16,12,4,
17131,33,33,,
17133,93,93,,
17135,79,72,7,
17137,102,102,,
17139,34,26,8,
17141,89,81,8,
17143,324,324,,
17145,69,60,9,
17147,20,14,6,
17149,55,52,3,
17151,4,4,,
17153,7,7,,
17155,4,3,1,
17157,90,84,6,
17159,49,40,9,
17161,351,308,43,
17165,70,54,16,
17167,275,234,41,
17169,17,5,12,
17171,1,1,,
17173,40,37,3,
17175,23,23,,
17163,556,512,44,
17177,100,81,19,
17179,316,282,34,
17181,44,40,4,
17183,149,132,17,
17185,15,12,3,
17187,49,46,3,
17189,31,25,6,
17191,53,52,1,
17193,36,26,10,
17195,213,171,42,
17197,1062,989,73,
17199,141,129,12,
17201,502,472,30,
17203,89,81,8,
18001,55,54,1,
18003,697,676,21,
18005,160,155,5,
18007,14,14,0,
18009,32,32,0,
18011,105,101,4,
18013,41,41,0,
18015,22,20,2,
18017,107,105,2,
18019,200,191,9,
18021,47,47,0,
18023,58,53,5,
18025,15,14,1,
18027,101,99,2,
18029,81,78,3,
18031,96,92,4,
18033,88,85,3,
18035,193,186,7,
18037,118,117,1,
18039,457,442,15,
18041,64,62,2,
18043,183,178,5,
18045,47,46,1,
18047,36,35,1,
18049,40,40,0,
18051,95,92,3,
18053,181,174,7,
18055,89,85,4,
18057,426,408,18,
18059,145,141,4,
18061,74,72,2,
18063,336,315,21,
18065,105,103,2,
18067,220,216,4,
18069,82,80,2,
18071,74,73,1,
18073,49,47,2,
18075,32,30,2,
18077,82,81,1,
18079,51,49,2,
18081,395,379,16,
18083,90,90,0,
18085,121,117,4,
18087,72,70,2,
18089,1009,968,41,
18091,213,211,2,
18093,123,120,3,
18095,358,339,19,
18097,1805,1740,65,
18099,112,111,1,
18101,15,15,0,
18103,67,66,1,
18105,172,170,2,
18107,90,88,2,
18109,144,139,5,
18111,36,34,2,
18113,86,83,3,
18115,11,11,0,
18117,57,54,3,
18119,58,56,2,
18121,16,16,0,
18123,38,37,1,
18125,34,34,0,
18127,319,308,11,
18129,33,33,0,
18131,45,45,0,
18133,60,60,0,
18135,82,81,1,
18137,70,70,0,
18139,25,25,0,
18143,55,53,2,
18145,106,96,10,
18147,31,31,0,
18149,55,53,2,
18151,59,57,2,
18141,568,550,18,
18153,42,42,0,
18155,8,8,0,
18157,221,219,2,
18159,47,45,2,
18161,11,10,1,
18163,402,397,5,
18165,43,43,0,
18167,251,246,5,
18169,79,79,0,
18171,16,15,1,
18173,158,155,3,
18175,32,32,0,
18177,203,199,4,
18179,83,81,2,
18181,55,54,1,
18183,39,39,0,
19001,32,,,
19003,4,,,
19005,51,,,
19007,49,,,
19009,10,,,
19011,55,,,
19013,308,,,
19015,34,,,
19017,60,,,
19019,31,,,
19021,40,,,
19023,34,,,
19025,13,,,
19027,52,,,
19029,54,,,
19031,23,,,
19033,89,,,
19035,38,,,
19037,15,,,
19039,24,,,
19041,25,,,
19043,56,,,
19045,92,,,
19047,40,,,
19049,98,,,
19051,24,,,
19053,9,,,
19055,40,,,
19057,66,,,
19059,43,,,
19061,209,,,
19063,40,,,
19065,41,,,
19067,42,,,
19069,21,,,
19071,9,,,
19073,10,,,
19075,33,,,
19077,29,,,
19079,49,,,
19081,34,,,
19083,43,,,
19085,73,,,
19087,37,,,
19089,22,,,
19091,26,,,
19093,34,,,
19095,24,,,
19097,42,,,
19099,71,,,
19101,35,,,
19103,83,,,
19105,57,,,
19107,31,,,
19109,64,,,
19111,55,,,
19113,334,,,
19115,49,,,
19117,23,,,
19119,41,,,
19121,19,,,
19123,51,,,
19125,75,,,
19127,75,,,
19129,22,,,
19131,42,,,
19133,30,,,
19135,29,,,
19137,38,,,
19139,99,,,
19141,60,,,
19143,16,,,
19145,22,,,
19147,23,,,
19149,80,,,
19151,22,,,
19153,622,,,
19155,168,,,
19157,33,,,
19159,24,,,
19161,19,,,
19163,240,,,
19165,37,,,
19167,74,,,
19169,48,,,
19171,71,,,
19173,12,,,
19175,33,,,
19177,18,,,
19179,122,,,
19181,88,,,
19183,50,,,
19185,23,,,
19187,93,,,
19189,31,,,
19191,34,,,
19193,228,,,
19195,8,,,
19197,36,,,
20001,19,,,
20003,18,,,
20005,14,,,
20007,6,,,
20009,48,,,
20011,26,,,
20013,38,,,
20015,86,,,
20017,3,,,
20019,6,,,
20021,52,,,
20023,14,,,
20025,7,,,
20027,29,,,
20029,23,,,
20031,23,,,
20033,9,,,
20035,108,,,
20037,83,83,,
20039,12,,,
20041,45,,,
20043,23,,,
20045,87,87,,
20047,12,,,
20049,5,,,
20051,71,,,
20053,25,,,
20055,71,49,22,
20057,75,,,
20059,43,,,
20061,40,,,
20063,19,,,
20065,9,,,
20067,18,17,1,
20069,14,,,
20071,1,,,
20073,11,,,
20075,1,,,
20077,18,17,1,
20079,68,,,
20081,9,,,
20083,8,,,
20085,16,,,
20087,34,,,
20089,6,,,
20091,754,,,
20093,10,,,
20095,15,,,
20097,5,5,,
20099,49,49,0,
20101,7,,,
20103,91,,,
20105,5,,,
20107,12,12,,
20109,6,,,
20111,84,,,
20115,24,,,
20117,24,,,
20113,89,89,0,
20119,12,,,
20121,42,,,
20123,18,,,
20125,79,,,
20127,22,,,
20129,9,9,,
20131,55,,,
20133,35,,,
20135,16,,,
20137,27,27,0,
20139,25,,,
20141,12,,,
20143,13,,,
20145,13,,,
20147,24,,,
20149,30,,,
20151,25,25,0,
20153,7,,,
20155,138,,,
20157,15,15,,
20159,12,,,
20161,43,43,0,
20163,11,,,
20165,14,,,
20167,29,,,
20169,140,,,
20171,23,,,
20173,753,,,
20175,41,41,0,
20177,364,,,
20179,13,,,
20181,12,,,
20183,3,,,
20185,9,,,
20187,6,,,
20189,10,7,3,
20191,51,,,
20193,20,,,
20195,8,,,
20197,14,14,,
20199,4,,,
20201,14,,,
20203,6,,,
20205,16,,,
20207,5,,,
20209,292,292,,
21001,54,52,2,
21003,40,,,
21005,21,,,
21007,8,,,
21009,91,,,
21011,21,,,
21013,54,,,
21015,147,,,
21017,18,,,
21019,73,,,
21021,70,,,
21023,7,,,
21025,9,,,
21027,16,,,
21029,73,,,
21031,24,,,
21033,31,,,
21035,51,,,
21037,83,,,
21039,9,,,
21041,19,,,
21043,34,,,
21045,37,37,,
21047,104,,,
21049,29,,,
21051,44,,,
21053,32,32,,
21055,21,,,
21057,12,12,,
21059,183,,,
21061,21,,,
21063,2,,,
21065,11,,,
21067,309,309,,
21069,23,,,
21071,68,,,
21073,46,,,
21075,14,,,
21077,28,,,
21079,35,,,
21081,22,,,
21083,92,,,
21085,54,,,
21087,17,17,,
21089,59,,,
21091,16,16,,
21093,156,,,
21095,83,,,
21097,23,,,
21099,47,,,
21101,75,75,,
21103,13,,,
21105,10,,,
21107,147,,,
21109,32,,,
21111,1185,1081,104,
21113,64,,,
21115,34,,,
21117,202,,,
21119,23,,,
21121,36,,,
21123,26,,,
21125,71,,,
21127,24,,,
21129,26,,,
21131,8,,,
21133,42,,,
21135,35,,,
21137,50,,,
21139,20,,,
21141,66,,,
21143,19,,,
21151,109,,,
21153,14,,,
21155,38,,,
21157,56,,,
21159,20,,,
21161,36,,,
21145,121,,,
21147,31,31,,
21149,26,,,
21163,25,,,
21165,16,,,
21167,50,,,
21169,26,,,
21171,41,,,
21173,30,,,
21175,3,,,
21177,62,60,2,
21179,55,,,
21181,8,,,
21183,55,55,,
21185,82,,,
21187,13,,,
21189,14,,,
21191,4,,,
21193,65,,,
21195,96,,,
21197,12,,,
21199,105,105,,
21201,14,,,
21203,22,,,
21205,20,,,
21207,43,43,0,
21209,33,,,
21211,70,,,
21213,37,,,
21215,22,,,
21217,47,47,0,
21219,26,,,
21221,14,,,
21223,7,,,
21225,15,,,
21227,171,,,
21229,37,,,
21231,49,49,,
21233,20,,,
21235,55,,,
21237,5,,,
21239,20,,,
22001,192,185,7,
22003,92,88,4,
22005,164,141,23,
22007,36,29,7,
22009,123,115,8,
22011,77,71,6,
22013,81,76,5,
22015,299,265,34,
22017,742,686,56,
22019,431,385,46,
22021,29,24,5,
22023,6,6,0,
22025,38,33,5,
22027,55,49,6,
22029,61,46,15,
22031,78,64,14,
22033,803,718,85,
22035,25,21,4,
22037,112,103,9,
22039,93,72,21,
22041,106,105,1,
22043,56,50,6,
22045,153,138,15,
22047,98,94,4,
22049,50,45,5,
22051,895,849,46,
22053,96,87,9,
22055,277,253,24,
22057,204,188,16,
22059,37,25,12,
22061,92,85,7,
22063,206,184,22,
22065,39,34,5,
22067,75,72,3,
22069,86,75,11,
22071,792,738,54,
22073,449,407,42,
22075,27,26,1,
22077,73,67,6,
22079,314,290,24,
22081,38,31,7,
22083,56,43,13,
22085,60,52,8,
22087,51,49,2,
22089,94,89,5,
22091,10,9,1,
22093,50,45,5,
22095,138,129,9,
22097,255,226,29,
22099,116,105,11,
22101,138,118,20,
22103,524,501,23,
22105,294,261,33,
22107,8,6,2,
22109,221,201,20,
22111,77,70,7,
22113,119,116,3,
22115,101,83,18,
22117,131,115,16,
22119,112,90,22,
22121,59,57,2,
22123,41,39,2,
22125,34,34,0,
22127,44,33,11,
23001,72,72,,
23003,45,45,,
23005,190,190,,
23007,14,14,,
23009,36,36,,
23011,69,69,,
23013,5,5,,
23015,2,2,,
23017,63,63,,
23019,90,90,,
23021,6,6,,
23023,10,10,,
23025,29,29,,
23027,19,19,,
23029,16,16,,
23031,129,129,,
24001,207,206,1,
24003,604,590,14,
24005,1497,1461,36,
24510,1063,1040,23,
24009,78,77,1,
24011,25,25,0,
24013,237,232,5,
24015,132,130,2,
24017,192,190,2,
24019,51,50,1,
24021,321,312,9,
24023,63,62,1,
24025,274,269,5,
24027,233,227,6,
24029,46,44,2,
24031,1528,1482,46,
24033,1481,1449,32,
24035,45,44,1,
24039,37,37,0,
24037,123,123,0,
24041,37,37,0,
24043,276,273,3,
24045,153,153,0,
24047,98,97,1,
25001,463,,,
25003,283,,,
25005,1710,,,
25007,0,,,
25009,2358,,,
25011,113,,,
25013,1498,,,
25015,294,,,
25017,3732,,,
25019,0,,,
25021,1778,,,
25023,1422,,,
25025,1822,,,
25027,2197,,,
26001,28,23,5,
26003,6,2,4,
26005,136,113,23,
26007,59,58,1,
26009,27,27,0,
26011,29,29,0,
26013,37,37,0,
26015,64,59,5,
26017,330,317,13,
26019,34,33,1,
26021,273,270,3,
26023,119,115,4,
26025,281,263,18,
26027,74,69,5,
26029,20,20,0,
26031,42,42,0,
26033,49,44,5,
26035,74,73,1,
26037,85,79,6,
26039,12,12,0,
26041,90,71,19,
26043,74,59,15,
26045,193,184,9,
26047,41,40,1,
26049,897,835,62,
26051,52,49,3,
26053,50,22,28,
26055,93,85,8,
26057,118,114,4,
26059,88,85,3,
26061,40,32,8,
26063,74,69,5,
26065,366,358,8,
26067,83,80,3,
26069,70,67,3,
26071,51,42,9,
26073,88,84,4,
26075,297,290,7,
26077,369,329,40,
26079,21,21,0,
26081,803,741,62,
26083,2,1,1,
26085,15,14,1,
26087,192,191,1,
26089,18,18,0,
26091,161,156,5,
26093,178,168,10,
26095,3,2,1,
26097,3,3,0,
26099,2325,2203,122,
26101,24,21,3,
26103,59,58,1,
26105,35,35,0,
26107,30,30,0,
26109,41,39,2,
26111,82,79,3,
26113,24,16,8,
26115,244,224,20,
26117,112,110,2,
26119,19,18,1,
26121,346,338,8,
26123,60,58,2,
26125,2252,2123,129,
26127,58,56,2,
26129,38,37,1,
26131,21,20,1,
26133,28,28,0,
26135,25,23,2,
26137,38,38,0,
26139,405,362,43,
26141,31,30,1,
26143,47,45,2,
26145,586,570,16,
26151,108,101,7,
26153,5,4,1,
26155,101,99,2,
26147,412,392,20,
26149,94,88,6,
26157,164,153,11,
26159,120,107,13,
26161,284,277,7,
26163,4778,4499,279,
26165,42,39,3,
27001,36,,,
27003,436,,,
27005,50,,,
27007,58,,,
27009,97,,,
27011,4,,,
27013,41,,,
27015,40,,,
27017,53,,,
27019,45,,,
27021,28,,,
27023,38,,,
27025,51,,,
27027,92,,,
27029,16,,,
27031,0,,,
27033,21,,,
27035,88,,,
27037,446,,,
27039,3,,,
27041,74,,,
27043,19,,,
27045,10,,,
27047,29,,,
27049,72,,,
27051,8,,,
27053,1724,,,
27055,15,,,
27057,41,,,
27059,64,,,
27061,53,,,
27063,11,,,
27065,24,,,
27067,83,,,
27069,22,,,
27071,15,,,
27073,22,,,
27075,19,,,
27077,3,,,
27079,22,,,
27081,3,,,
27083,50,,,
27087,9,,,
27089,17,,,
27091,31,,,
27085,58,,,
27093,40,,,
27095,52,,,
27097,60,,,
27099,32,,,
27101,9,,,
27103,43,,,
27105,48,,,
27107,9,,,
27109,98,,,
27111,78,,,
27113,19,,,
27115,22,,,
27117,26,,,
27119,68,,,
27121,6,,,
27123,870,,,
27125,7,,,
27127,36,,,
27129,43,,,
27131,106,,,
27133,19,,,
27135,19,,,
27139,124,,,
27141,85,,,
27143,10,,,
27145,221,,,
27147,15,,,
27149,11,,,
27137,302,,,
27151,18,,,
27153,32,,,
27155,5,,,
27157,3,,,
27159,22,,,
27161,22,,,
27163,280,,,
27165,9,,,
27167,12,,,
27169,50,,,
27171,139,,,
27173,20,,,
28001,82,,,
28003,68,,,
28005,42,,,
28007,73,,,
28009,25,,,
28011,132,,,
28013,32,,,
28015,28,,,
28017,57,,,
28019,18,,,
28021,30,,,
28023,79,,,
28025,54,,,
28027,79,,,
28029,65,,,
28031,81,,,
28033,257,,,
28035,152,,,
28037,23,,,
28039,48,,,
28041,33,,,
28043,86,,,
28045,86,,,
28047,309,,,
28049,414,,,
28051,73,,,
28053,33,,,
28055,6,,,
28057,77,,,
28059,246,,,
28061,48,,,
28063,28,,,
28065,32,,,
28067,163,,,
28069,28,,,
28071,118,,,
28073,86,,,
28075,240,,,
28077,23,,,
28079,73,,,
28081,173,,,
28083,125,,,
28085,110,,,
28087,145,,,
28089,217,,,
28091,80,,,
28093,103,,,
28095,133,,,
28097,42,,,
28099,176,,,
28101,61,,,
28103,34,,,
28105,98,,,
28107,105,,,
28109,145,,,
28111,38,,,
28113,105,,,
28115,72,,,
28117,60,,,
28119,16,,,
28121,278,,,
28123,73,,,
28125,17,,,
28127,88,,,
28129,34,,,
28131,33,,,
28133,90,,,
28135,40,,,
28137,84,,,
28139,68,,,
28141,67,,,
28143,26,,,
28145,76,,,
28147,45,,,
28149,121,,,
28151,133,,,
28153,41,,,
28155,32,,,
28157,30,,,
28159,81,,,
28161,37,,,
28163,69,,,
29001,20,20,,
29003,20,,,
29005,6,,,
29007,57,,,
29009,45,,,
29011,14,,,
29013,29,,,
29015,33,,,
29017,12,,,
29019,93,87,6,
29021,181,181,,
29023,43,,,
29025,13,,,
29027,49,,,
29029,87,,,
29031,134,134,0,
29033,23,,,
29035,10,,,
29037,109,,,
29039,22,,,
29041,8,,,
29043,91,91,0,
29045,7,,,
29047,164,164,,
29049,65,,,
29051,124,,,
29053,27,,,
29055,37,,,
29057,31,31,,
29059,28,,,
29061,11,,,
29063,31,,,
29065,17,,,
29067,27,,,
29069,22,,,
29071,183,,,
29073,45,,,
29075,20,,,
29077,466,429,37,
29079,34,,,
29081,14,,,
29083,39,,,
29085,15,,,
29087,14,,,
29089,7,,,
29091,43,,,
29093,6,,,
29095,423,,,
29097,127,,,
29099,245,,,
29101,54,,,
29103,2,,,
29105,68,,,
29107,57,,,
29109,82,,,
29111,13,,,
29113,41,,,
29115,13,,,
29117,42,,,
29121,15,,,
29123,16,,,
29125,8,,,
29127,45,,,
29119,36,36,,
29129,2,,,
29131,54,,,
29133,28,,,
29135,31,,,
29137,12,,,
29139,11,,,
29141,44,,,
29143,43,,,
29145,77,,,
29147,25,23,2,
29149,3,,,
29151,16,,,
29153,18,,,
29155,30,,,
29157,30,,,
29159,78,,,
29161,129,,,
29163,24,,,
29165,47,,,
29167,40,40,,
29169,52,,,
29171,4,,,
29173,12,,,
29175,30,,,
29177,27,,,
29179,4,4,,
29181,16,,,
29195,38,,,
29197,6,,,
29199,3,,,
29201,84,,,
29203,12,,,
29205,7,,,
29183,485,485,,
29185,8,,,
29186,16,,,
29187,115,,,
29189,2201,2201,,
29510,490,490,,
29207,37,,,
29209,46,,,
29211,14,,,
29213,93,,,
29215,23,,,
29217,44,,,
29219,31,31,,
29221,49,,,
29223,12,,,
29225,54,,,
29227,2,,,
29229,32,,,
30001,10,10,,
30003,75,75,,
30005,23,23,,
30007,5,5,,
30009,15,15,,
30011,5,5,,
30013,169,169,,
30015,6,6,,
30017,18,18,,
30019,8,8,,
30021,30,30,,
30023,15,15,,
30025,2,2,,
30027,31,31,,
30029,93,93,,
30031,63,63,,
30033,2,2,,
30035,42,42,,
30037,2,2,,
30039,2,2,,
30041,44,44,,
30043,8,8,,
30045,1,1,,
30047,36,36,,
30049,87,87,,
30051,1,1,,
30053,17,17,,
30057,8,8,,
30055,1,1,,
30059,7,7,,
30061,0,0,,
30063,93,93,,
30065,11,11,,
30067,20,20,,
30069,1,1,,
30071,16,16,,
30073,4,4,,
30075,6,6,,
30077,10,10,,
30079,2,2,,
30081,44,44,,
30083,17,17,,
30085,54,54,,
30087,49,49,,
30089,15,15,,
30091,5,5,,
30093,85,85,,
30095,14,14,,
30097,7,7,,
30099,5,5,,
30101,11,11,,
30103,1,1,,
30105,18,18,,
30107,8,8,,
30109,6,6,,
30111,264,264,,
31001,43,,,
31003,6,,,
31005,1,,,
31007,0,,,
31009,0,,,
31011,4,,,
31013,9,,,
31015,3,,,
31017,2,,,
31019,57,,,
31021,12,,,
31023,12,,,
31025,16,,,
31027,11,,,
31029,5,,,
31031,7,,,
31033,18,,,
31035,11,,,
31037,21,,,
31039,11,,,
31041,18,,,
31043,81,81,,
31045,18,,,
31047,31,,,
31049,2,,,
31051,9,,,
31053,60,,,
31055,706,,,
31057,4,,,
31059,10,,,
31061,4,,,
31063,1,,,
31065,5,,,
31067,19,,,
31069,1,,,
31071,3,,,
31073,5,,,
31075,4,,,
31077,2,,,
31079,117,117,0,
31081,18,18,,
31083,0,,,
31085,0,,,
31087,5,,,
31089,16,,,
31091,2,,,
31093,15,,,
31095,1,,,
31097,9,,,
31099,5,,,
31101,10,,,
31103,0,,,
31105,7,,,
31107,12,,,
31109,232,232,,
31111,55,,,
31113,0,,,
31115,0,,,
31119,42,,,
31117,1,,,
31121,15,14,1,
31123,15,,,
31125,10,,,
31127,15,,,
31129,11,,,
31131,10,,,
31133,1,,,
31135,11,,,
31137,10,,,
31139,20,,,
31141,49,,,
31143,18,,,
31145,15,,,
31147,19,,,
31149,2,,,
31151,3,,,
31153,129,,,
31155,16,,,
31157,95,,,
31159,32,,,
31161,19,,,
31163,4,,,
31165,0,,,
31167,9,,,
31169,4,,,
31171,1,,,
31173,12,,,
31175,2,,,
31177,24,,,
31179,7,,,
31181,7,,,
31183,0,,,
31185,13,,,
32510,124,124,,
32001,49,49,,
32003,4330,4330,,
32005,35,35,,
32007,56,56,,
32009,0,0,,
32011,0,0,,
32013,14,14,,
32015,9,9,,
32017,3,3,,
32019,65,65,,
32021,7,7,,
32023,106,106,,
32027,20,20,,
32029,3,3,,
32031,671,671,,
32033,6,6,,
33001,99,,,
33003,9,,,
33005,33,,,
33007,41,,,
33009,26,,,
33011,627,,,
33013,113,,,
33015,254,,,
33017,82,,,
33019,25,,,
34001,671,634,37,
34003,2844,2549,295,
34005,840,769,71,
34007,1283,1184,99,
34009,201,171,30,
34011,430,393,37,
34013,2929,2634,295,
34015,619,589,30,
34017,2236,2023,213,
34019,174,120,54,
34021,936,893,43,
34023,2318,2072,246,
34025,1605,1460,145,
34027,1218,966,252,
34029,2128,1968,160,
34031,1881,1686,195,
34033,181,166,15,
34035,834,726,108,
34037,298,231,67,
34039,1940,1717,223,
34041,235,210,25,
35001,934,934,,
35003,5,5,,
35005,171,171,,
35006,112,112,,
35007,48,48,,
35009,78,78,,
35011,1,1,,
35013,452,452,,
35015,129,129,,
35017,37,37,,
35019,9,9,,
35021,0,0,,
35023,9,9,,
35025,169,169,,
35027,19,19,,
35028,6,6,,
35029,86,86,,
35031,466,466,,
35033,6,6,,
35035,75,75,,
35037,8,8,,
35039,76,76,,
35041,56,56,,
35043,230,230,,
35045,469,469,,
35047,17,17,,
35049,145,145,,
35051,49,49,,
35053,56,56,,
35055,52,52,,
35057,13,13,,
35059,9,9,,
35061,108,108,,
36001,349,349,,
36003,84,84,,
36007,355,355,,
36009,86,86,,
36011,92,92,,
36013,140,140,,
36015,134,134,,
36017,76,76,,
36019,33,33,,
36021,101,101,,
36023,60,60,,
36025,37,37,,
36027,442,442,,
36029,1769,1769,,
36031,26,26,,
36033,12,12,,
36035,91,91,,
36037,121,121,,
36039,75,75,,
36041,2,2,,
36043,107,107,,
36045,66,66,,
36049,34,34,,
36051,58,58,,
36053,88,88,,
36055,1059,1059,,
36057,122,122,,
36059,3159,3159,,
36063,353,353,,
36065,505,505,,
36067,668,668,,
36069,92,92,,
36071,712,712,,
36073,83,83,,
36075,90,90,,
36077,47,47,,
36079,91,91,,
36083,140,140,,
36087,749,749,,
36091,166,166,,
36093,196,196,,
36095,16,16,,
36097,14,14,,
36099,56,56,,
36101,143,143,,
36089,96,96,,
36103,3370,3370,,
36105,72,72,,
36107,61,61,,
36109,51,51,,
36111,251,251,,
36113,57,57,,
36115,55,55,,
36117,67,67,,
36119,2263,2263,,
36121,51,51,,
36123,26,26,,
37001,276,229,47,
37003,84,70,14,
37005,5,3,2,
37007,55,54,1,
37009,41,15,26,
37011,20,13,7,
37013,95,91,4,
37015,43,39,4,
37017,41,32,9,
37019,152,125,27,
37021,325,294,31,
37023,153,128,25,
37025,256,243,13,
37027,104,95,9,
37029,5,5,0,
37031,54,39,15,
37033,27,24,3,
37035,301,256,45,
37037,88,85,3,
37039,34,32,2,
37041,23,22,1,
37043,18,10,8,
37045,224,217,7,
37047,151,127,24,
37049,124,117,7,
37051,300,246,54,
37053,16,14,2,
37055,10,10,0,
37057,185,160,25,
37059,37,30,7,
37061,133,117,16,
37063,225,225,,
37065,112,109,3,
37067,375,343,32,
37069,49,48,1,
37071,423,420,3,
37073,13,13,0,
37075,12,11,1,
37077,81,76,5,
37079,44,37,7,
37081,700,581,119,
37083,111,102,9,
37085,169,122,47,
37087,96,68,28,
37089,159,155,4,
37091,63,61,2,
37093,55,40,15,
37095,9,8,1,
37097,208,134,74,
37099,56,36,20,
37101,218,213,5,
37103,26,26,0,
37105,77,57,20,
37107,113,96,17,
37109,85,83,2,
37113,38,37,1,
37115,41,35,6,
37117,40,35,5,
37111,63,57,6,
37119,949,933,16,
37121,16,16,0,
37123,93,78,15,
37125,187,153,34,
37127,189,184,5,
37129,164,150,14,
37131,59,58,1,
37133,142,115,27,
37135,101,100,1,
37137,13,13,0,
37139,80,79,1,
37141,69,60,9,
37143,11,11,0,
37145,67,43,24,
37147,86,86,0,
37149,29,17,12,
37151,226,185,41,
37153,93,69,24,
37155,234,189,45,
37157,107,88,19,
37159,301,273,28,
37161,206,187,19,
37163,109,71,38,
37165,84,62,22,
37167,132,131,1,
37169,80,63,17,
37171,159,100,59,
37173,18,15,3,
37175,32,31,1,
37177,6,6,0,
37179,217,190,27,
37181,86,75,11,
37183,729,729,,
37185,20,18,2,
37187,31,31,0,
37189,31,14,17,
37191,245,222,23,
37193,112,95,17,
37195,173,145,28,
37197,48,38,10,
37199,28,18,10,
38001,3,,,
38003,31,,,
38005,18,,,
38007,0,,,
38009,20,,,
38011,5,,,
38013,1,,,
38015,191,,,
38017,208,,,
38019,5,,,
38021,33,,,
38023,2,,,
38025,7,,,
38027,6,,,
38029,13,,,
38031,19,,,
38033,3,,,
38035,77,,,
38037,7,,,
38039,2,,,
38041,4,,,
38043,10,,,
38045,17,,,
38047,9,,,
38049,23,,,
38051,7,,,
38053,12,,,
38055,30,,,
38057,10,,,
38059,100,,,
38061,17,,,
38063,15,,,
38065,3,,,
38067,11,,,
38069,25,,,
38071,30,,,
38073,17,,,
38075,14,,,
38077,17,,,
38079,28,,,
38081,7,,,
38083,2,,,
38085,12,,,
38087,0,,,
38089,51,,,
38091,2,,,
38093,81,,,
38095,11,,,
38097,18,,,
38099,25,,,
38101,194,,,
38103,8,,,
38105,38,,,
39001,52,,,
39003,232,,,
39005,89,,,
39007,170,,,
39009,58,,,
39011,84,,,
39013,167,,,
39015,57,,,
39017,584,,,
39019,47,,,
39021,58,,,
39023,299,,,
39025,238,,,
39027,63,,,
39029,229,,,
39031,57,,,
39033,107,,,
39035,2115,,,
39037,123,,,
39039,97,,,
39041,133,,,
39043,154,,,
39045,199,,,
39047,50,,,
39049,1400,,,
39051,69,,,
39053,49,,,
39055,148,,,
39057,244,,,
39059,53,,,
39061,1205,,,
39063,127,,,
39065,64,,,
39067,37,,,
39069,66,,,
39071,62,,,
39073,62,,,
39075,101,,,
39077,119,,,
39079,51,,,
39081,151,,,
39083,110,,,
39085,369,,,
39087,102,,,
39089,212,,,
39091,76,,,
39093,481,,,
39095,788,,,
39097,61,,,
39099,588,,,
39101,135,,,
39103,264,,,
39105,40,,,
39107,85,,,
39109,217,,,
39111,42,,,
39113,1014,,,
39115,23,,,
39117,39,,,
39119,133,,,
39121,37,,,
39123,79,,,
39125,40,,,
39127,50,,,
39129,121,,,
39131,34,,,
39133,203,,,
39135,98,,,
39137,100,,,
39139,199,,,
39141,155,,,
39143,120,,,
39145,101,,,
39147,121,,,
39149,93,,,
39151,906,,,
39153,945,,,
39155,468,,,
39157,244,,,
39159,48,,,
39161,63,,,
39163,15,,,
39165,298,,,
39167,109,,,
39169,211,,,
39171,75,,,
39173,189,,,
39175,55,,,
40001,41,41,,
40003,6,6,,
40005,25,25,,
40007,6,6,,
40009,55,55,,
40011,18,18,,
40013,71,71,,
40015,88,88,,
40017,170,170,,
40019,107,107,,
40021,74,74,,
40023,22,22,,
40025,1,1,,
40027,401,401,,
40029,15,15,,
40031,185,185,,
40033,16,16,,
40035,18,18,,
40037,156,156,,
40039,98,98,,
40041,91,91,,
40043,14,14,,
40045,5,5,,
40047,128,128,,
40049,77,77,,
40051,121,121,,
40053,6,6,,
40055,21,21,,
40057,4,4,,
40059,6,6,,
40061,16,16,,
40063,28,28,,
40065,56,56,,
40067,13,13,,
40069,35,35,,
40071,126,126,,
40073,38,38,,
40075,24,24,,
40077,13,13,,
40079,64,64,,
40081,71,71,,
40083,56,56,,
40085,21,21,,
40093,21,21,,
40095,23,23,,
40097,68,68,,
40087,69,69,,
40089,90,90,,
40091,59,59,,
40099,38,38,,
40101,164,164,,
40103,19,19,,
40105,18,18,,
40107,30,30,,
40109,1209,1209,,
40111,77,77,,
40113,73,73,,
40115,65,65,,
40117,49,49,,
40119,71,71,,
40121,69,69,,
40123,71,71,,
40125,125,125,,
40127,20,20,,
40129,12,12,,
40131,176,176,,
40133,69,69,,
40135,51,51,,
40137,101,101,,
40139,33,33,,
40141,17,17,,
40143,1044,1044,,
40145,114,114,,
40147,109,109,,
40149,21,21,,
40151,17,17,,
40153,33,33,,
41001,14,,,
41003,19,,,
41005,211,,,
41007,8,,,
41009,26,,,
41011,33,,,
41013,20,,,
41015,9,,,
41017,74,,,
41019,70,,,
41021,1,,,
41023,5,,,
41025,8,,,
41027,30,,,
41029,135,,,
41031,34,,,
41033,68,,,
41035,61,,,
41037,7,,,
41039,145,,,
41041,20,,,
41043,67,,,
41045,61,,,
41047,306,,,
41049,15,,,
41051,593,,,
41053,52,,,
41055,1,,,
41057,3,,,
41059,84,,,
41061,23,,,
41063,5,,,
41065,28,,,
41067,231,,,
41069,1,,,
41071,75,,,
42001,177,,,
42003,1922,,,
42005,133,,,
42007,379,,,
42009,135,,,
42011,1003,,,
42013,329,,,
42015,89,,,
42017,1264,,,
42019,410,,,
42021,421,,,
42023,8,,,
42025,169,,,
42027,220,,,
42029,789,,,
42031,91,,,
42033,142,,,
42035,62,,,
42037,133,,,
42039,149,,,
42041,517,,,
42043,543,,,
42045,1404,1404,,
42047,39,,,
42049,405,,,
42051,309,,,
42053,21,,,
42055,363,,,
42057,15,,,
42059,39,,,
42061,128,,,
42063,173,,,
42065,97,,,
42067,84,,,
42069,461,,,
42071,1123,,,
42073,207,,,
42075,283,,,
42077,844,,,
42079,798,,,
42081,277,,,
42083,68,,,
42085,255,,,
42087,177,,,
42089,305,,,
42091,1682,,,
42093,63,,,
42095,702,,,
42097,347,,,
42099,100,,,
42101,3543,3501,42,
42103,54,,,
42105,23,,,
42107,398,,,
42109,84,,,
42111,205,,,
42113,20,,,
42115,61,,,
42117,104,,,
42119,86,,,
42121,93,,,
42123,102,,,
42125,294,,,
42127,80,,,
42129,748,,,
42131,48,,,
42133,792,,,
72001,,,,
72003,,,,
72005,,,,
72007,,,,
72009,,,,
72011,,,,
72013,,,,
72015,,,,
72017,,,,
72019,,,,
72021,,,,
72023,,,,
72025,,,,
72027,,,,
72029,,,,
72031,,,,
72033,,,,
72035,,,,
72037,,,,
72039,,,,
72041,,,,
72043,,,,
72045,,,,
72047,,,,
72049,,,,
72051,,,,
72053,,,,
72054,,,,
72055,,,,
72057,,,,
72059,,,,
72061,,,,
72063,,,,
72065,,,,
72067,,,,
72069,,,,
72071,,,,
72073,,,,
72075,,,,
72077,,,,
72079,,,,
72081,,,,
72083,,,,
72085,,,,
72087,,,,
72089,,,,
72091,,,,
72093,,,,
72095,,,,
72097,,,,
72099,,,,
72101,,,,
72103,,,,
72105,,,,
72107,,,,
72109,,,,
72111,,,,
72113,,,,
72115,,,,
72117,,,,
72119,,,,
72121,,,,
72123,,,,
72125,,,,
72127,,,,
72129,,,,
72131,,,,
72133,,,,
72135,,,,
72137,,,,
72139,,,,
72141,,,,
72143,,,,
72145,,,,
72147,,,,
72149,,,,
72151,,,,
72153,,,,
44001,142,,,
44003,361,,,
44005,42,,,
44007,1957,,,
44009,169,,,
45001,41,34,7,
45003,222,180,42,
45005,15,11,4,
45007,519,473,46,
45009,51,51,0,
45011,57,49,8,
45013,206,194,12,
45015,197,173,24,
45017,37,29,8,
45019,504,432,72,
45021,154,150,4,
45023,76,65,11,
45025,104,93,11,
45027,112,104,8,
45029,127,109,18,
45031,173,143,30,
45033,84,77,7,
45035,217,196,21,
45037,43,30,13,
45039,81,72,9,
45041,415,383,32,
45043,139,97,42,
45045,1004,930,74,
45047,172,155,17,
45049,51,44,7,
45051,575,447,128,
45053,45,43,2,
45055,140,115,25,
45057,168,141,27,
45059,172,152,20,
45061,59,56,3,
45063,482,440,42,
45067,107,94,13,
45069,54,44,10,
45065,28,19,9,
45071,103,91,12,
45073,133,127,6,
45075,248,238,10,
45077,297,259,38,
45079,559,494,65,
45081,50,42,8,
45083,806,706,100,
45085,205,171,34,
45087,83,78,5,
45089,98,77,21,
45091,379,336,43,
46003,15,,,
46005,40,,,
46007,9,,,
46009,27,,,
46011,37,,,
46013,92,,,
46015,9,,,
46017,13,,,
46019,20,,,
46021,4,,,
46023,22,,,
46025,5,,,
46027,15,,,
46029,81,,,
46031,12,,,
46033,12,,,
46035,67,,,
46037,29,,,
46039,9,,,
46041,28,,,
46043,9,,,
46045,13,,,
46047,15,,,
46049,13,,,
46051,42,,,
46053,30,,,
46055,10,,,
46057,39,,,
46059,6,,,
46061,4,,,
46063,1,,,
46065,39,,,
46067,27,,,
46069,1,,,
46071,14,,,
46073,16,,,
46075,0,,,
46077,18,,,
46079,20,,,
46081,47,,,
46083,77,,,
46085,11,,,
46091,6,,,
46087,25,,,
46089,4,,,
46093,30,,,
46095,2,,,
46097,9,,,
46099,355,,,
46101,18,,,
46102,49,,,
46103,191,,,
46105,14,,,
46107,4,,,
46109,39,,,
46111,3,,,
46115,26,,,
46117,2,,,
46119,3,,,
46121,30,,,
46123,17,,,
46125,56,,,
46127,43,,,
46129,16,,,
46135,31,,,
46137,9,,,
47001,172,,,
47003,128,,,
47005,40,,,
47007,11,,,
47009,193,,,
47011,150,,,
47013,63,,,
47015,31,,,
47017,83,,,
47019,158,,,
47021,55,,,
47023,51,,,
47025,73,,,
47027,31,,,
47029,99,,,
47031,121,,,
47033,48,,,
47035,132,,,
47037,933,,,
47039,39,,,
47041,54,,,
47043,110,,,
47045,106,,,
47047,77,,,
47049,47,,,
47051,90,,,
47053,146,,,
47055,100,,,
47057,50,,,
47059,155,,,
47061,34,,,
47063,173,,,
47065,494,494,0,
47067,12,,,
47069,64,,,
47071,67,,,
47073,107,,,
47075,62,,,
47077,76,,,
47079,76,,,
47081,46,,,
47083,33,,,
47085,27,,,
47087,36,,,
47089,124,,,
47091,39,,,
47093,635,,,
47095,26,,,
47097,44,,,
47099,87,,,
47101,26,,,
47103,63,,,
47105,69,,,
47111,78,,,
47113,242,,,
47115,47,,,
47117,58,,,
47119,172,,,
47107,98,,,
47109,54,,,
47121,25,,,
47123,95,,,
47125,225,,,
47127,17,,,
47129,39,,,
47131,96,,,
47133,61,,,
47135,28,,,
47137,24,,,
47139,24,,,
47141,175,,,
47143,75,,,
47145,105,,,
47147,131,,,
47149,434,,,
47151,45,,,
47153,29,,,
47155,175,,,
47157,1629,1466,163,
47159,39,,,
47161,28,,,
47163,294,,,
47165,349,,,
47167,103,,,
47169,22,,,
47171,49,,,
47173,34,,,
47175,23,,,
47177,81,,,
47179,245,,,
47181,34,,,
47183,65,,,
47185,70,,,
47187,217,,,
47189,234,,,
48001,121,,,
48003,47,,,
48005,279,,,
48007,40,,,
48009,12,,,
48011,6,,,
48013,150,,,
48015,35,,,
48017,19,,,
48019,27,,,
48021,92,,,
48023,12,,,
48025,72,,,
48027,432,432,,
48029,3508,3381,127,
48031,20,,,
48033,2,,,
48035,33,,,
48037,214,,,
48039,497,,,
48041,249,249,0,
48043,16,,,
48045,5,,,
48047,36,,,
48049,137,137,,
48051,46,,,
48053,64,,,
48055,97,,,
48057,23,,,
48059,40,,,
48061,1643,1643,,
48063,42,,,
48065,14,,,
48067,82,,,
48069,32,,,
48071,49,49,,
48073,140,,,
48075,17,,,
48077,16,,,
48079,15,,,
48081,12,,,
48083,33,,,
48085,829,,,
48087,9,,,
48089,30,,,
48091,317,317,,
48093,51,,,
48095,8,,,
48097,72,,,
48099,86,,,
48101,7,,,
48103,12,,,
48105,15,,,
48107,29,,,
48109,11,,,
48111,25,,,
48113,4006,,,
48115,69,,,
48117,66,,,
48119,12,,,
48121,753,,,
48123,59,,,
48125,10,,,
48127,33,,,
48129,15,,,
48131,41,,,
48133,48,,,
48135,370,,,
48137,6,,,
48139,310,,,
48141,2676,,,
48143,69,,,
48145,32,,,
48147,108,,,
48149,62,,,
48151,14,,,
48153,30,,,
48155,10,,,
48157,668,619,49,
48159,26,,,
48161,50,,,
48163,51,,,
48165,43,,,
48167,415,,,
48169,22,,,
48171,50,,,
48173,2,,,
48175,13,,,
48177,57,,,
48179,56,,,
48181,340,,,
48183,353,344,9,
48185,70,,,
48187,211,,,
48189,155,,,
48191,14,,,
48193,27,,,
48195,24,,,
48197,12,,,
48199,111,,,
48201,6275,4338,1937,
48203,109,,,
48205,2,,,
48207,27,,,
48209,240,,,
48211,2,,,
48213,186,178,8,
48215,2837,2837,,
48217,108,,,
48219,103,,,
48221,129,,,
48223,109,,,
48225,52,,,
48227,101,,,
48229,11,,,
48231,168,,,
48233,71,,,
48235,1,,,
48237,16,,,
48239,31,,,
48241,90,,,
48243,5,,,
48245,425,,,
48247,16,,,
48249,101,,,
48251,367,,,
48253,55,,,
48255,37,,,
48257,256,,,
48259,72,,,
48261,2,,,
48263,2,,,
48265,88,,,
48267,6,,,
48269,0,,,
48271,6,,,
48273,93,,,
48275,17,,,
48277,155,152,3,
48279,82,,,
48281,33,,,
48283,28,,,
48285,76,,,
48287,39,,,
48289,43,,,
48291,183,,,
48293,77,,,
48295,12,,,
48297,22,,,
48299,51,,,
48301,0,,,
48303,786,726,60,
48305,23,,,
48313,29,,,
48315,33,,,
48317,19,,,
48319,6,,,
48321,109,,,
48323,356,,,
48307,19,,,
48309,471,,,
48311,5,,,
48325,103,,,
48327,9,,,
48329,268,252,16,
48331,48,,,
48333,21,,,
48335,30,,,
48337,71,,,
48339,568,296,272,
48341,72,,,
48343,33,,,
48345,8,,,
48347,169,,,
48349,154,,,
48351,35,,,
48353,51,,,
48355,807,807,,
48357,27,,,
48359,4,,,
48361,147,,,
48363,75,,,
48365,75,,,
48367,181,,,
48369,35,,,
48371,34,,,
48373,114,,,
48375,449,449,,
48377,24,,,
48379,25,25,0,
48381,298,298,,
48383,8,,,
48385,12,,,
48387,37,,,
48389,43,,,
48391,22,,,
48393,1,,,
48395,42,,,
48397,156,156,,
48399,37,,,
48401,107,,,
48403,45,,,
48405,32,,,
48407,37,,,
48409,150,,,
48411,23,,,
48413,6,,,
48415,62,,,
48417,5,,,
48419,67,,,
48421,12,,,
48423,469,446,23,
48425,14,,,
48427,297,297,0,
48429,26,,,
48431,4,,,
48433,6,,,
48435,8,,,
48437,17,,,
48439,3438,3438,,
48441,408,403,5,
48443,2,,,
48445,56,,,
48447,5,,,
48449,83,,,
48451,269,,,
48453,1006,,,
48455,26,,,
48457,39,,,
48459,75,,,
48461,10,,,
48463,72,,,
48465,221,,,
48467,117,113,4,
48469,209,,,
48471,126,,,
48473,46,,,
48475,24,,,
48477,93,,,
48479,835,835,,
48481,115,,,
48483,10,,,
48485,376,,,
48487,55,,,
48489,88,,,
48491,467,466,1,
48493,68,,,
48495,21,,,
48497,121,,,
48499,128,,,
48501,27,,,
48503,44,,,
48505,36,,,
48507,41,,,
49001,7,,,
49003,50,,,
49005,47,,,
49007,17,,,
49009,0,,,
49011,166,,,
49013,9,,,
49015,9,,,
49017,10,,,
49019,3,,,
49021,32,,,
49023,12,,,
49025,5,,,
49027,14,,,
49029,11,,,
49031,2,,,
49033,0,,,
49035,858,,,
49037,37,,,
49039,22,,,
49041,14,,,
49043,12,,,
49045,41,,,
49047,23,,,
49049,381,,,
49051,21,,,
49053,204,,,
49055,0,,,
49057,202,,,
50001,8,,,
50003,13,,,
50005,6,,,
50007,101,,,
50009,2,,,
50011,39,,,
50013,2,,,
50015,3,,,
50017,3,,,
50019,11,,,
50021,20,,,
50023,15,,,
50025,14,,,
50027,12,,,
51001,41,,,
51003,83,,,
51510,134,,,
51005,48,,,
51007,32,,,
51009,36,,,
51011,24,,,
51013,254,,,
51015,71,,,
51017,10,,,
51019,99,,,
51021,10,,,
51023,36,,,
51520,33,,,
51025,22,,,
51027,40,,,
51029,30,,,
51530,20,,,
51031,85,,,
51033,36,,,
51035,70,,,
51036,16,,,
51037,18,,,
51540,56,,,
51550,292,,,
51041,428,,,
51043,19,,,
51570,61,,,
51580,13,,,
51045,5,,,
51047,62,,,
51049,9,,,
51590,135,,,
51051,15,,,
51053,43,,,
51595,42,,,
51057,9,,,
51059,1076,,,
51600,19,,,
51610,9,,,
51061,65,,,
51063,21,,,
51065,18,,,
51067,76,,,
51620,32,,,
51069,100,,,
51630,23,,,
51640,52,,,
51071,22,,,
51073,48,,,
51075,23,,,
51077,35,,,
51079,18,,,
51081,25,,,
51083,77,,,
51650,176,,,
51085,155,,,
51660,95,,,
51087,608,,,
51089,122,,,
51091,1,,,
51670,72,,,
51093,68,,,
51095,72,,,
51097,8,,,
51099,20,,,
51101,11,,,
51103,16,,,
51105,47,,,
51678,32,,,
51107,276,,,
51109,32,,,
51111,13,,,
51680,147,,,
51113,16,,,
51683,47,,,
51685,11,,,
51690,76,,,
51115,12,,,
51117,66,,,
51119,20,,,
51121,92,,,
51125,12,,,
51127,17,,,
51700,224,,,
51710,256,,,
51131,36,,,
51133,20,,,
51720,7,,,
51135,48,,,
51137,38,,,
51139,57,,,
51141,43,,,
51730,84,,,
51143,80,,,
51735,16,,,
51740,191,,,
51145,16,,,
51147,34,,,
51149,28,,,
51153,487,,,
51155,61,,,
51750,18,,,
51157,2,,,
51159,15,,,
51760,259,,,
51161,143,,,
51770,192,,,
51163,46,,,
51165,105,,,
51167,38,,,
51775,47,,,
51169,54,,,
51171,131,,,
51173,92,,,
51175,56,,,
51177,117,,,
51179,79,,,
51790,71,,,
51800,187,,,
51181,9,,,
51183,21,,,
51185,68,,,
51810,393,,,
51187,55,,,
51191,107,,,
51820,38,,,
51193,26,,,
51830,13,,,
51840,45,,,
51195,96,,,
51197,78,,,
51199,52,,,
53001,22,,,
53003,28,,,
53005,219,,,
53007,67,66,1,
53009,8,,,
53011,264,,,
53013,5,,,
53015,87,,,
53017,22,19,3,
53019,4,,,
53021,110,,,
53023,5,,,
53025,119,119,0,
53027,63,,,
53029,30,,,
53031,3,,,
53033,1534,,,
53035,107,,,
53037,33,,,
53039,9,,,
53041,65,,,
53043,8,,,
53045,29,,,
53047,39,,,
53049,10,,,
53051,8,,,
53053,655,,,
53055,0,,,
53057,68,,,
53059,1,,,
53061,571,,,
53063,635,,,
53065,27,,,
53067,99,,,
53069,0,,,
53071,64,64,0,
53073,92,,,
53075,48,48,0,
53077,451,,,
54001,27,22,5,
54003,122,103,19,
54005,34,33,1,
54007,3,3,0,
54009,60,40,20,
54011,171,147,24,
54013,0,0,0,
54015,9,8,1,
54017,6,3,3,
54019,75,65,10,
54021,5,2,3,
54023,27,23,4,
54025,61,41,20,
54027,34,21,13,
54029,89,49,40,
54031,24,22,2,
54033,76,64,12,
54035,61,57,4,
54037,50,43,7,
54039,341,296,45,
54041,20,19,1,
54043,22,16,6,
54045,94,87,7,
54049,48,42,6,
54051,77,69,8,
54053,36,35,1,
54047,23,15,8,
54055,115,90,25,
54057,85,76,9,
54059,40,37,3,
54061,84,64,20,
54063,17,16,1,
54065,20,15,5,
54067,19,19,0,
54069,84,61,23,
54071,9,7,2,
54073,11,10,1,
54075,11,9,2,
54077,46,46,0,
54079,90,72,18,
54081,85,75,10,
54083,12,4,8,
54085,11,10,1,
54087,8,6,2,
54089,22,20,2,
54091,23,23,0,
54093,10,5,5,
54095,10,9,1,
54097,33,29,4,
54099,40,36,4,
54101,7,6,1,
54103,29,22,7,
54105,3,3,0,
54107,168,148,20,
54109,39,39,0,
55001,17,12,5,
55003,15,15,0,
55005,83,82,1,
55007,19,19,0,
55009,289,244,45,
55011,7,7,0,
55013,22,22,0,
55015,55,50,5,
55017,96,94,2,
55019,62,58,4,
55021,69,57,12,
55023,17,17,0,
55025,327,304,23,
55027,185,164,21,
55029,28,22,6,
55031,54,36,18,
55033,32,32,0,
55035,119,107,12,
55037,12,12,0,
55039,121,111,10,
55041,26,23,3,
55043,92,85,7,
55045,24,18,6,
55047,22,19,3,
55049,11,10,1,
55051,40,21,19,
55053,28,26,2,
55055,132,109,23,
55057,27,22,5,
55059,324,308,16,
55061,35,26,9,
55063,87,86,1,
55065,9,8,1,
55067,46,32,14,
55069,92,64,28,
55071,88,69,19,
55073,225,188,37,
55075,70,66,4,
55077,28,23,5,
55078,11,11,0,
55079,1351,1304,47,
55081,38,37,1,
55083,64,55,9,
55085,77,71,6,
55087,222,206,16,
55089,94,87,7,
55091,7,7,0,
55093,43,37,6,
55095,56,48,8,
55097,72,68,4,
55099,7,7,0,
55101,375,347,28,
55103,15,15,0,
55105,193,170,23,
55107,18,17,1,
55111,54,48,6,
55113,26,25,1,
55115,83,72,11,
55117,153,142,11,
55109,60,53,7,
55119,32,24,8,
55121,45,42,3,
55123,42,39,3,
55125,41,39,2,
55127,159,136,23,
55129,21,19,2,
55131,167,153,14,
55133,578,526,52,
55135,164,120,44,
55137,37,34,3,
55139,219,197,22,
55141,93,80,13,
56001,12,,,
56003,32,,,
56005,60,,,
56007,23,,,
56009,17,,,
56011,12,,,
56013,84,,,
56015,24,,,
56017,3,,,
56019,10,,,
56021,113,,,
56023,12,,,
56025,136,,,
56027,2,,,
56029,30,,,
56031,11,,,
56033,31,,,
56035,7,,,
56037,38,,,
56039,9,,,
56041,13,,,
56043,26,,,
56045,5,,,
